longitude,latitude,observation_date,number_found,imap_id,county,uuid,cluster,precipitation,humidity,wind_speed,temperature,root_zone_soil_wetness,surface_soil_wetness,soil_moisture
-73.4230401,43.9993989,2007-10-01,500.0,1044919,Essex,5bf83951-e829-4f82-ae6a-485b8c604805,0,0.01,86.56,2.09,12.56,0.59,0.62,0.63
-73.7587436,42.5174564,2009-06-01,1000.0,1046342,Rensselaer,933d30dc-d903-4e93-b02c-aeab5ee36e79,5,0.0,68.06,1.52,11.39,0.67,0.72,0.66
-73.6768753,42.8169244,2011-07-01,100000.0,1046289,Saratoga,b3055c5c-32bb-441a-80d1-6ad06777cc50,5,0.01,77.5,1.2,19.01,0.72,0.74,0.77
-78.983102,43.2312286,2011-07-01,10000.0,1045635,Niagara,dc3ad2ef-3eed-420c-91d1-5c611856f203,3,0.02,56.62,1.24,20.12,0.66,0.68,0.65
-78.7432159,42.9052602,2011-08-01,10000.0,1051045,Erie,95ba6da9-9d9c-4f2f-90c6-63b1afd5988b,3,0.81,64.62,2.8,25.74,0.52,0.5,0.52
-73.8004824,42.8802849,2011-08-01,500.0,1046328,Saratoga,571f25d2-1272-4c34-ab0a-099788d6cfef,5,0.2,84.25,1.44,22.5,0.6,0.64,0.64
-73.6758454,42.8194363,2011-09-01,10000.0,1046288,Saratoga,ef503267-3dd3-40c5-804d-50f36d4c7f5e,5,2.16,85.38,1.32,20.64,0.68,0.71,0.71
-73.9656384,41.9287103,2012-04-01,300.0,1050528,Ulster,66709c9e-6269-4a9b-af1f-bb5ef818a827,2,5.49,86.62,1.43,3.95,0.76,0.8,0.74
-76.436823,43.3250533,2012-05-01,300.0,1125500,Oswego,5fffdfb2-0012-442b-a112-8572a9009f1c,1,7.37,94.12,2.58,8.94,0.62,0.71,0.62
-73.8815531,42.189445,2012-05-01,500.0,1046279,Greene,a2619cc2-404f-42e9-b13b-85a89c724431,5,6.53,89.94,1.9,10.88,0.68,0.74,0.67
-73.8679582,42.2308551,2012-05-01,100.0,1046340,Greene,dc8cd9bb-57e0-49e3-a4a4-77223fa78e11,5,6.53,89.94,1.9,10.88,0.68,0.74,0.67
-76.1232851,43.2307932,2012-05-01,150.0,1044560,Onondaga,464ca9d9-181c-4463-8d5a-17e8c6f3ea60,1,8.19,89.44,2.31,11.26,0.76,0.78,0.72
-76.1421855,43.2429377,2012-05-05,10000.0,1046492,Oswego,cf244d5d-c744-40a3-8985-6828df890d64,1,0.0,74.44,2.16,12.2,0.76,0.77,0.72
-73.3735063,44.9917319,2012-07-01,2000.0,1044833,Clinton,4144bc4f-2e13-4f51-bbd7-996f279e6e7e,0,0.55,75.69,1.9,20.86,0.57,0.59,0.59
-73.4366227,44.7801888,2012-07-01,100.0,1044825,Clinton,975cbd1e-ad5f-4a3c-b13c-901a3c5243de,0,0.55,75.69,1.9,20.86,0.57,0.59,0.59
-73.403518,43.5473892,2012-07-01,300.0,1049989,Washington,1eb5ebde-b384-44e4-9313-861cf4412039,5,1.67,82.94,1.47,20.58,0.59,0.64,0.72
-75.9327258,43.2462329,2013-08-01,200.0,1046869,Oswego,0edb82c2-765d-469d-94d2-199a9650e926,1,8.52,88.88,1.93,18.75,0.73,0.77,0.74
-79.4939966,42.2792263,2013-08-01,100.0,1045368,Chautauqua,c0736bff-00c6-4fce-a387-ac494b916733,8,3.43,79.31,4.02,20.66,0.57,0.55,0.55
-75.9378512,43.2443591,2013-08-01,1000.0,1049480,Oswego,ebafc535-89ba-4900-8d09-2a306f2005c7,1,7.48,81.69,2.2,20.23,0.66,0.66,0.64
-75.8965138,43.2355855,2013-08-01,,1044091,Oswego,3547e2b8-ceaa-4c3a-9730-32e0cc471799,1,8.52,88.88,1.93,18.75,0.73,0.77,0.74
-76.0729241,43.2479702,2013-08-01,100000.0,1045503,Oswego,3b6526c4-ab43-4246-a5b5-b2c14daeb183,1,7.48,81.69,2.2,20.23,0.66,0.66,0.64
-76.4858494,43.4712703,2013-10-01,300.0,1045194,Oswego,c0a60956-ae95-41af-bedb-403ca2c99c5f,1,0.07,78.62,2.28,17.29,0.48,0.47,0.48
-79.0057515,42.6576406,2013-10-01,10000.0,1045250,Erie,2a063b0e-094b-4f38-9d25-6beff5d353c0,3,0.01,78.56,2.02,17.3,0.49,0.48,0.48
-73.4018515,43.7421341,2014-10-01,1000.0,1044894,Washington,d7c4dd2f-7386-4d6e-aca8-c6b3e7101f16,0,1.22,92.69,1.22,13.19,0.51,0.56,0.59
-75.4730499,43.2026465,2015-01-31,10000.0,1045965,Oneida,89e78e35-1bf5-4de7-aa61-04d5fd2f78cb,9,0.08,91.62,3.95,-14.74,0.77,0.79,0.77
-73.9304295,42.072446,2015-06-01,1000.0,1132480,Ulster,e9a384d0-d75f-419d-8f0a-c4901f4286ad,2,20.23,92.25,1.94,10.66,0.52,0.7,0.52
-75.872142,43.1185588,2015-09-01,10000.0,1045976,Madison,cd7b4310-9006-43c9-8bb8-28fb7396a784,1,0.0,71.75,0.88,22.69,0.56,0.56,0.58
-73.8075227,42.4273572,2015-09-01,500.0,1046337,Greene,b11b4bba-8f2e-4c2f-905b-beb5e44666a5,5,0.0,62.0,1.06,23.41,0.44,0.41,0.43
-73.7694648,42.5108177,2015-09-01,1000.0,1046344,Rensselaer,e89c866f-2803-4e64-9d05-ce36bf45cc09,5,0.0,62.0,1.06,23.41,0.44,0.41,0.43
-73.4372225,43.8180088,2015-10-01,2000.0,1049988,Essex,965fb984-adcf-4fc3-8b60-0ea0ef368549,0,0.0,68.88,3.0,8.03,0.6,0.62,0.59
-73.3885437,43.8537583,2015-10-01,1000.0,1044924,Essex,fd67b9d4-8f08-4ebb-a6bc-2a1cf2bd8e16,0,0.0,68.88,3.0,8.03,0.6,0.62,0.59
-77.6197457,43.2125525,2015-10-09,2000.0,1046589,Monroe,5102c5e0-5296-47a5-ba01-36ec0325f2b7,6,24.73,90.25,2.7,13.7,0.66,0.71,0.63
-73.4427576,43.8459311,2015-11-01,2000.0,1044928,Essex,5404059a-6c38-467d-9baf-1e6744c6620c,0,1.74,88.81,2.98,5.8,0.53,0.59,0.57
-73.4347959,44.9328607,2015-11-01,10000.0,1044834,Clinton,9fc5708d-8cb0-4441-af7e-8c030c6135b9,0,3.09,83.88,3.49,7.59,0.53,0.58,0.53
-73.4893308,44.6973794,2015-11-01,2000.0,1044988,Clinton,ee671a83-0c98-42ae-890b-b6a9fca905da,0,2.5,86.12,3.7,6.51,0.41,0.52,0.44
-73.4586465,44.7172271,2015-11-30,100000.0,1044879,Clinton,95e3c897-0453-4989-8573-7654fbcce15c,0,0.09,79.12,1.7,-5.03,0.41,0.48,0.45
-73.4659452,44.716371,2015-11-30,400.0,1044979,Clinton,76f54e0c-11c9-4528-b724-70b69186c473,0,0.09,79.12,1.7,-5.03,0.41,0.48,0.45
-75.9438667,43.9898697,2015-11-30,1000.0,1045235,Jefferson,91fd764a-d0bb-47ec-ba3e-addb95329a3a,7,0.0,74.5,2.3,0.4,0.58,0.59,0.59
-74.3090569,44.8456648,2015-11-30,10000.0,1044882,Franklin,f8a83b80-4283-4939-90f9-0b706f59274d,0,0.03,74.44,1.86,-3.48,0.38,0.48,0.41
-74.3173366,44.846945,2015-11-30,300.0,1044880,Franklin,16d74ca2-afeb-43ad-b4fd-78894615f7c0,0,0.03,74.44,1.86,-3.48,0.38,0.48,0.41
-74.3092987,44.8473348,2015-11-30,500.0,1044883,Franklin,432d5e04-2938-4346-bf13-92f2e5daffd9,0,0.03,74.44,1.86,-3.48,0.38,0.48,0.41
-73.7217713,40.8556345,2016-04-06,,1018944,Nassau,baf2a395-0717-4ea7-972c-8aaeef38e8db,2,0.01,71.12,4.09,1.97,0.7,0.72,0.68
-73.7361797,42.9923969,2016-08-01,300.0,1046366,Saratoga,560131ab-2d14-4193-bf5c-3104dfee98ec,5,21.82,88.81,1.12,21.0,0.48,0.59,0.47
-73.9736104,41.9135873,2016-10-01,400.0,1046984,Ulster,e03c4b50-d569-4f32-bd9a-8384b09eeccf,2,1.24,88.12,1.64,12.77,0.38,0.41,0.38
-73.704584,43.0950173,2017-07-01,300.0,1046674,Saratoga,513cb59a-672a-4101-9aab-7acc390ef5c4,5,32.43,91.31,1.84,23.33,0.66,0.76,0.68
-73.7529268,42.9848894,2017-07-01,10000.0,1046362,Saratoga,ddd32e9b-8b56-4dd4-8132-6c0765323a9b,5,32.43,91.31,1.84,23.33,0.66,0.76,0.68
-73.7309619,43.064282,2017-07-01,10000.0,1046659,Saratoga,e3c5b4e6-0208-4fbb-b134-5be4a5694989,5,32.43,91.31,1.84,23.33,0.66,0.76,0.68
-73.7461585,43.0702886,2017-07-01,300.0,1045004,Saratoga,9d9d5942-7477-4850-bfab-a0c851dea001,5,32.43,91.31,1.84,23.33,0.66,0.76,0.68
-73.736696,42.9929459,2017-07-01,500.0,1046365,Saratoga,2b545f3a-d8f9-451a-b174-555202fbbdab,5,32.43,91.31,1.84,23.33,0.66,0.76,0.68
-73.7348961,43.0665704,2017-07-01,1000.0,1046658,Saratoga,dc0398e0-8588-4942-978c-e0997fed04d9,5,32.43,91.31,1.84,23.33,0.66,0.76,0.68
-78.956874,43.1007936,2017-08-01,1000.0,1045269,Niagara,20a735da-1e42-40fa-8a48-c8a73269ad60,3,0.81,74.12,1.98,23.73,0.55,0.54,0.55
-76.6993643,42.7448086,2017-09-01,200.0,1049179,Cayuga,e702468b-80a9-48c8-8c15-ca8df69e6b56,1,0.0,60.88,1.92,11.85,0.52,0.48,0.49
-76.7294334,42.9385451,2017-09-01,300.0,1118107,Cayuga,8d1b86f3-2b9b-4c86-b8c0-6738fedeb3c5,1,0.0,57.12,1.98,13.18,0.55,0.52,0.53
-76.7317446,42.9515343,2017-09-01,100.0,1045307,Cayuga,c46b4b8b-d16a-424f-85a3-27b3ef149a3f,1,0.0,57.12,1.98,13.18,0.55,0.52,0.53
-73.7579988,41.7822727,2018-07-01,500.0,1120132,Dutchess,9b8be786-2c74-4c9c-acec-c5eb2e7deaca,2,0.0,70.69,1.04,28.42,0.48,0.52,0.48
-73.3975828,44.9826052,2018-07-01,200.0,1044864,Clinton,f7a61117-e80f-4ab0-85b7-5fd108e3d57d,0,6.06,83.44,1.5,26.76,0.57,0.62,0.59
-73.714316,42.6990096,2018-07-01,1000.0,1047255,Albany,a99eeab1-4127-4810-aebe-83e93e930c3b,5,0.0,73.19,1.15,28.03,0.53,0.57,0.52
-73.9896642,41.9539224,2018-07-01,200.0,1064031,Ulster,382ee2c1-c74a-43d7-b48a-b92323083f63,2,0.0,70.69,1.04,28.42,0.48,0.52,0.48
-75.5953216,43.2054085,2018-08-01,200.0,1045967,Oneida,05b230dd-ba54-4cb0-8d44-f38372f08d0f,9,8.77,92.62,1.81,21.93,0.63,0.66,0.64
-73.8010592,42.7267009,2018-08-01,,1040165,Albany,642183e5-1428-4107-ad47-4d825eb5bd5b,5,25.4,92.44,1.93,22.44,0.56,0.69,0.55
-76.2833446,43.347546,2018-08-01,1000.0,1047288,Oswego,4d8f9d5c-06d1-4f6a-8b25-aec3cb853a68,1,5.56,86.44,2.93,23.74,0.48,0.48,0.47
-76.1140472,43.5673955,2018-08-01,300.0,1045217,Oswego,6386b961-6a8d-4c79-b925-6b3d94351348,1,5.56,86.44,2.93,23.74,0.48,0.48,0.47
-79.5613354,42.2967143,2018-08-01,500.0,1045359,Chautauqua,40f522d7-083f-4d45-8f1f-0463ea0fe128,8,0.13,81.75,4.73,22.88,0.57,0.55,0.55
-79.6375305,42.3159147,2018-08-01,1000.0,1046449,Chautauqua,78462960-b764-4f2b-915e-3e0a21b3d609,8,0.13,81.75,4.73,22.88,0.57,0.55,0.55
-79.4078163,42.1550106,2018-08-01,10000.0,1045141,Chautauqua,f1e1f0fb-f69e-4a66-9d23-b2747fdb838b,8,0.44,83.88,2.31,21.65,0.51,0.53,0.5
-76.0766439,43.7138813,2018-08-01,100.0,1045233,Jefferson,7defc58d-6ef7-4711-a8e1-971a7bac47a3,7,5.56,86.44,2.93,23.74,0.48,0.48,0.47
-75.0373638,43.0220931,2018-08-01,1000.0,1042444,Herkimer,ee7cf5d9-7faf-4aa7-80f5-8417d1afdfb7,9,9.35,94.0,1.59,21.25,0.59,0.65,0.63
-79.564533,42.2999646,2018-08-01,1000.0,1045360,Chautauqua,0f7b484e-216b-4c7e-b66a-0a52117852de,8,0.13,81.75,4.73,22.88,0.57,0.55,0.55
-73.731065,42.678938,2018-08-01,10000.0,1131984,Albany,4c5c25d6-9ab9-495e-83ca-92a5d681ec02,5,25.4,92.44,1.93,22.44,0.56,0.69,0.55
-74.2489932,44.8650447,2018-08-01,1000.0,1044885,Franklin,1f59acf4-0c20-4d21-9738-ab825636e231,0,2.22,81.44,2.37,23.86,0.34,0.41,0.38
-79.5565115,42.2942238,2018-08-01,500.0,1045363,Chautauqua,56ad4117-39e6-499e-b4ee-1eeb3bcad9ae,8,0.13,81.75,4.73,22.88,0.57,0.55,0.55
-76.1142079,43.5658593,2018-08-01,10000.0,1045220,Oswego,c9fab35a-e585-4af0-bbf9-d38afe70e341,1,5.56,86.44,2.93,23.74,0.48,0.48,0.47
-75.6502567,43.1449638,2018-08-01,200.0,1040869,Oneida,2e9082b2-2be0-4475-9c5c-9d5d64b7eeca,9,8.77,92.62,1.81,21.93,0.63,0.66,0.64
-75.6427899,43.1433978,2018-08-01,200.0,1040868,Oneida,8f27e17e-8a24-4671-a2fd-1a9c252936de,9,8.77,92.62,1.81,21.93,0.63,0.66,0.64
-74.7579874,43.0084463,2018-08-01,,1038375,Herkimer,3bb557de-46fd-4dbe-8f28-5043e56eb37c,9,9.35,94.0,1.59,21.25,0.59,0.65,0.63
-78.7066016,43.0543477,2018-08-01,300.0,1045621,Erie,457213ff-3f8c-44f1-85c0-5a9b16d31e2d,3,0.22,74.94,4.23,23.95,0.53,0.51,0.53
-74.6362977,42.9578926,2018-09-01,400.0,1045461,Montgomery,38241d9f-7f6d-46f9-ba6e-4488774712fe,9,0.31,87.31,1.55,20.01,0.51,0.55,0.54
-75.5670843,43.1404405,2018-09-01,10000.0,1040872,Oneida,3320782a-4c92-44ac-ae7f-81e3ca156965,9,0.29,83.81,2.16,21.44,0.61,0.62,0.62
-74.6057922,42.7847637,2018-09-01,3000.0,1046025,Schoharie,79e1aea5-e71f-4d01-8424-d18fe721c6a6,9,0.31,87.31,1.55,20.01,0.51,0.55,0.54
-77.8354308,42.743579,2018-09-01,1000.0,1045334,Livingston,94d5d52f-7d6f-4174-b044-0fa383e131c7,6,0.08,80.69,2.02,22.64,0.5,0.52,0.49
-78.7437463,42.1536799,2018-09-01,1000.0,1045177,Cattaraugus,dafcfdc4-60cd-497a-b72c-37830bfe8191,8,0.34,83.38,1.86,22.3,0.52,0.54,0.52
-78.2335641,42.8995146,2018-10-01,10000.0,1045323,Genesee,9545889f-b0d1-4910-b52a-20930454bf49,3,9.51,94.56,1.8,11.63,0.58,0.61,0.57
-75.3325588,43.1785797,2018-10-01,100000.0,1045972,Oneida,f19116cd-bfdf-4d98-9550-b6a19c8663f6,9,2.85,95.0,1.13,11.97,0.66,0.7,0.67
-78.201463,42.9011181,2018-10-01,1000.0,1045320,Genesee,5efc6f32-cd8e-4c9b-bf82-fd1a4f844e7e,3,9.51,94.56,1.8,11.63,0.58,0.61,0.57
-75.022844,43.0194356,2018-10-01,10000.0,1045463,Herkimer,a96ad994-2a2b-4553-ab9b-1018faea5539,9,3.4,95.5,1.22,10.98,0.62,0.67,0.66
-73.3814149,44.9922276,2018-10-01,1000.0,1044870,Clinton,a1f00d96-e78a-4e15-87bd-4b9bc2b04ec6,0,2.5,81.0,1.23,9.49,0.48,0.52,0.48
-76.4652681,43.4111986,2018-10-01,5000.0,1125483,Oswego,e04b4c5b-93e2-4ca9-a3c6-52bd55a235c4,1,6.61,86.88,2.94,13.13,0.48,0.52,0.47
-74.3624272,42.9448778,2018-10-01,2000.0,1045500,Montgomery,4bbf6021-ce78-4c63-b795-1c6112f29bbf,5,3.54,95.19,1.12,10.97,0.57,0.62,0.6
-74.7694839,43.0038923,2018-10-01,1000000.0,1045462,Herkimer,38fbeb2e-3b58-4e66-8fa2-4c81b123cd8d,9,3.4,95.5,1.22,10.98,0.62,0.67,0.66
-74.6048166,42.9144413,2018-10-01,1000.0,1045459,Montgomery,b1ab1a5b-e0f6-4386-b033-ad7d24816131,9,3.54,95.19,1.12,10.97,0.57,0.62,0.6
-73.5093086,44.5775296,2018-10-01,1000.0,1044799,Clinton,eeffb1b8-8327-44c0-a115-d7e06a5161ae,0,6.42,91.19,1.22,7.9,0.38,0.52,0.4
-75.000912,43.0172184,2018-10-01,1000000.0,1046683,Herkimer,26947a10-9a37-4401-9c28-4087451b9aa2,9,3.4,95.5,1.22,10.98,0.62,0.67,0.66
-75.0798017,43.030115,2018-10-01,1000.0,1042464,Herkimer,01971742-cb22-4b92-af8d-0b5541480fa9,9,3.4,95.5,1.22,10.98,0.62,0.67,0.66
-75.2967166,43.1506755,2018-10-01,1000.0,1045971,Oneida,394fe324-1158-4d37-8154-d00fcd47581f,9,3.4,95.5,1.22,10.98,0.62,0.67,0.66
-75.0605305,43.0435603,2018-10-01,100.0,1042465,Herkimer,718a68b8-9480-47be-aace-d3653fbc1785,9,3.4,95.5,1.22,10.98,0.62,0.67,0.66
-77.957146,42.9120406,2018-10-01,300.0,1045331,Genesee,f56be774-7b90-4f94-b920-156d903da0da,6,9.51,94.56,1.8,11.63,0.58,0.61,0.57
-74.9286566,43.0143478,2018-10-01,10000.0,1042442,Herkimer,c7ce8f83-2d18-4849-87a8-9e4ff2bfa683,9,3.4,95.5,1.22,10.98,0.62,0.67,0.66
-73.8018912,43.0933589,2018-10-01,1000.0,1046348,Saratoga,81f88bc4-8e38-4109-ab6f-4512a6160975,5,4.53,94.94,1.2,12.03,0.54,0.59,0.55
-78.0677416,42.9089605,2018-10-01,10000.0,1045315,Genesee,21c26bb6-16c5-4ed9-9b84-edfa7fcb73ab,6,9.51,94.56,1.8,11.63,0.58,0.61,0.57
-75.2978785,43.1499284,2018-10-01,10000.0,1045970,Oneida,f1f0b04a-f74c-4ecc-bb65-59348d32c0f9,9,3.4,95.5,1.22,10.98,0.62,0.67,0.66
-73.3935245,44.7105525,2018-10-01,10000000.0,1044815,Clinton,8e50b38c-afab-415c-bda1-6e5f9fef4651,0,5.47,89.06,1.38,8.99,0.46,0.53,0.48
-73.4128473,44.7245061,2018-10-01,10000000.0,1044813,Clinton,623e02f2-1762-4f1c-b0e5-80e495673e4c,0,5.47,89.06,1.38,8.99,0.46,0.53,0.48
-78.1712755,42.9024755,2018-10-01,300.0,1045318,Genesee,a107aacd-3366-40c7-b553-58a7014974c5,3,9.51,94.56,1.8,11.63,0.58,0.61,0.57
-74.0576968,41.8242365,2018-11-01,10000.0,1117686,Ulster,745a3ff7-ee6e-4966-974d-55059ed09b50,2,2.9,96.44,1.12,11.76,0.69,0.73,0.67
-75.8698524,42.9242812,2018-11-01,10000.0,1045305,Madison,e3065e6f-8fa4-44cb-bdc2-19eee7cfb9af,1,9.79,97.75,1.58,8.23,0.73,0.78,0.73
-77.8185091,43.3190131,2019-06-01,200.0,1118997,Monroe,81f6b486-e576-4957-8dc2-b721f147b013,6,1.09,88.88,1.47,8.79,0.73,0.8,0.74
-74.3522068,43.0297721,2019-07-01,2000.0,1044944,Fulton,768fa2ca-42ef-4a05-9a6e-a1072ad3c5b2,5,0.08,80.44,1.61,19.56,0.71,0.73,0.77
-76.0666983,43.0633169,2019-07-01,10000.0,1053123,Onondaga,96d07b97-de25-4cc6-9357-ecf5c2fe817a,1,0.01,74.19,1.38,19.89,0.73,0.73,0.7
-75.9800311,43.1576085,2019-07-01,100.0,1111223,Onondaga,db86e85a-31b9-4315-b411-f81d529d60a1,1,0.01,74.19,1.38,19.89,0.73,0.73,0.7
-73.9146347,42.8408029,2019-07-01,10000.0,1046322,Schenectady,9c6e41b5-21a9-4773-aa1e-879c6efab679,5,0.04,80.69,1.38,20.47,0.69,0.71,0.73
-76.077104,43.059551,2019-07-01,10000.0,1053151,Onondaga,685ac6c7-2fcf-4374-9329-766aef517af5,1,0.01,74.19,1.38,19.89,0.73,0.73,0.7
-74.325852,43.0645354,2019-07-01,1000.0,1044934,Fulton,ba374604-b297-4fcf-82e2-dbe681d140d4,5,0.08,80.44,1.61,19.56,0.71,0.73,0.77
-73.4951283,44.6930185,2019-07-01,2000.0,1044991,Clinton,685b48ff-37bb-4b93-81fe-a1c4df027f1d,0,0.3,77.56,1.91,20.05,0.48,0.57,0.55
-76.1933061,43.1416692,2019-07-01,10000.0,1054222,Onondaga,1bf1c078-ae9a-4685-a7d9-4f4129d340e8,1,0.01,74.19,1.38,19.89,0.73,0.73,0.7
-76.0410289,43.1834619,2019-07-01,300.0,1045554,Onondaga,a6d4ca9b-ead9-404b-9c87-ad79377270f2,1,0.01,74.19,1.38,19.89,0.73,0.73,0.7
-73.8449385,43.1116297,2019-07-01,1000.0,1046349,Saratoga,6aac64cf-3f8b-452e-a2e2-888ea08b8ce1,5,0.04,80.69,1.38,20.47,0.69,0.71,0.73
-76.2881631,43.2086676,2019-07-01,500.0,1125501,Onondaga,3431bee9-8375-4488-958b-d7ad8268b352,1,0.01,74.19,1.38,19.89,0.73,0.73,0.7
-77.4596394,43.1078368,2019-07-01,100.0,1046935,Monroe,ae1c4785-f78a-4e2a-8c1f-ca0f1d9084fc,6,0.0,71.19,1.4,20.23,0.66,0.68,0.65
-75.9807936,43.1583715,2019-07-01,10000.0,1111224,Onondaga,28045775-688d-4fd6-b80c-8225ed066354,1,0.01,74.19,1.38,19.89,0.73,0.73,0.7
-73.509966,44.7053632,2019-07-01,10000.0,1044996,Clinton,48b37dc1-0cec-4ff9-aeab-b209463b9cb4,0,0.3,77.56,1.91,20.05,0.48,0.57,0.55
-73.440011,44.7299917,2019-07-01,10000.0,1044819,Clinton,6849cc1f-5823-4f36-97a7-f1c82f33e841,0,0.3,77.56,1.91,20.05,0.48,0.57,0.55
-73.4579996,44.7101973,2019-07-01,10000.0,1044817,Clinton,e6b707de-9bdb-4c8e-b311-91e829e6544f,0,0.3,77.56,1.91,20.05,0.48,0.57,0.55
-73.3655238,44.9999841,2019-07-01,10000.0,1044841,Clinton,05b5c82a-401b-411a-9ba3-e6abc250064a,0,1.64,81.69,1.76,20.84,0.65,0.69,0.67
-73.4974051,44.6949432,2019-07-01,2000.0,1044992,Clinton,88c41376-be5b-4e63-ac39-392c95a8abe5,0,0.3,77.56,1.91,20.05,0.48,0.57,0.55
-73.4923669,44.6912893,2019-07-01,1000.0,1044993,Clinton,8ab3eeeb-3f53-4c51-a15e-d293e55b52c7,0,0.3,77.56,1.91,20.05,0.48,0.57,0.55
-73.4922462,44.6907392,2019-07-01,20000.0,1118036,Clinton,59c4d874-a2ee-48e8-9b70-672d1bc606ae,0,0.3,77.56,1.91,20.05,0.48,0.57,0.55
-73.4339234,44.7404478,2019-07-01,500.0,1044820,Clinton,675d46c2-2a21-4811-bd74-918fbf1edaec,0,0.38,76.81,1.88,20.91,0.57,0.6,0.64
-74.3639648,43.07222,2019-07-01,500.0,1118714,Fulton,290a60b8-1250-44fd-acd1-1fcdf1315c19,5,0.08,80.44,1.61,19.56,0.71,0.73,0.77
-73.5136078,44.7052934,2019-07-01,10000.0,1044998,Clinton,57d3d0d1-dbb0-43e4-bbc5-fd8198bc29c4,0,0.3,77.56,1.91,20.05,0.48,0.57,0.55
-74.2176968,43.0477643,2019-07-01,1000.0,1045477,Fulton,6836d93d-fd53-4fb6-bc28-f2be842d493b,5,0.08,80.44,1.61,19.56,0.71,0.73,0.77
-73.4351812,44.7242526,2019-07-01,2000.0,1044812,Clinton,2e26e1fd-b7e4-4b37-b188-bfbb495804c4,0,0.38,76.81,1.88,20.91,0.57,0.6,0.64
-73.4296229,44.9814936,2019-07-01,300.0,1045058,Clinton,9b4afe6c-d846-4af5-a0ce-a601e0e350e1,0,1.64,81.69,1.76,20.84,0.65,0.69,0.67
-76.3421964,43.2185974,2019-07-01,100000.0,1046400,Onondaga,9e74aec3-0cc2-4f4a-aae1-95c8ddf1d442,1,0.01,74.19,1.38,19.89,0.73,0.73,0.7
-73.4879871,44.6996546,2019-07-01,500.0,1044981,Clinton,e9143cd0-ecdd-4d06-839b-e4712117660c,0,0.3,77.56,1.91,20.05,0.48,0.57,0.55
-76.1207434,43.2175564,2019-07-01,1000000.0,1131598,Onondaga,bfc5375a-89dc-4f8e-b9df-8d140ab8dc7a,1,0.01,74.19,1.38,19.89,0.73,0.73,0.7
-73.849614,42.913573,2019-07-01,5000.0,1119462,Saratoga,1ddb476c-9e54-4ec3-a656-b7a071e9b8ea,5,0.04,80.69,1.38,20.47,0.69,0.71,0.73
-73.9042863,42.8670685,2019-07-01,1000.0,1119460,Schenectady,eb210ed5-83e3-4b2d-85c8-a9bb5a926ca6,5,0.04,80.69,1.38,20.47,0.69,0.71,0.73
-73.4466933,44.8247991,2019-07-01,10000.0,1044831,Clinton,eeb205c5-85b4-47b3-88ae-75aae019d24b,0,0.67,79.62,1.86,20.76,0.6,0.66,0.61
-73.3845658,44.9825869,2019-07-01,200.0,1044837,Clinton,8c922871-b7a0-4258-b849-d1dc74f69639,0,1.64,81.69,1.76,20.84,0.65,0.69,0.67
-73.456067,44.7101037,2019-07-01,10000.0,1044816,Clinton,7b33b694-89d5-47a7-98c3-5fcdbffa4e54,0,0.3,77.56,1.91,20.05,0.48,0.57,0.55
-77.4298496,43.0113993,2019-07-01,300.0,1046917,Ontario,8ee7b519-a46d-4a9f-913a-671c2e428ff5,6,0.0,71.19,1.4,20.23,0.66,0.68,0.65
-73.470222,44.7125389,2019-07-01,2000.0,1044805,Clinton,aa4fc581-fa80-41b6-b36e-3fb0d689743c,0,0.3,77.56,1.91,20.05,0.48,0.57,0.55
-75.9791792,43.1573869,2019-07-01,200.0,1111222,Onondaga,cfb76d3c-aef4-4eed-b567-6d298dbf07cc,1,0.01,74.19,1.38,19.89,0.73,0.73,0.7
-76.1240175,43.149399,2019-07-01,1000.0,1118103,Onondaga,6fcab954-7d41-4bd4-9d99-bd03bf552344,1,0.01,74.19,1.38,19.89,0.73,0.73,0.7
-78.804166,42.788303,2019-07-01,1000.0,1043319,Erie,d892be3c-7520-47ed-9738-eb78908625ee,3,0.12,71.81,2.13,20.48,0.62,0.63,0.62
-73.9801275,42.8140591,2019-07-01,5000.0,1119454,Schenectady,83b250d1-8ebc-400a-a3a5-edc6e5e1ed5f,5,0.04,80.69,1.38,20.47,0.69,0.71,0.73
-73.3885398,45.0101004,2019-07-01,10000.0,1044855,"Clinton,Le Haut-Richelieu",b09d6aae-92c4-4c3e-a012-5880f68ef314,0,1.64,81.69,1.76,20.84,0.65,0.69,0.67
-73.4680155,44.7129925,2019-07-01,2000.0,1044806,Clinton,1c674f73-6e64-4800-8b86-0cd79d88b1ad,0,0.3,77.56,1.91,20.05,0.48,0.57,0.55
-73.3946742,44.9826246,2019-07-01,1000.0,1044865,Clinton,488c53f6-4c25-4192-9d87-243a8370ad19,0,1.64,81.69,1.76,20.84,0.65,0.69,0.67
-77.556169,43.235833,2019-07-01,500.0,1045182,Monroe,8eed883a-f92f-4774-9fc2-7a1ae2a23013,6,0.0,71.19,1.4,20.23,0.66,0.68,0.65
-73.4463683,44.823807,2019-07-01,10000.0,1044830,Clinton,3d034f1b-54e7-4283-962b-24060e121525,0,0.67,79.62,1.86,20.76,0.6,0.66,0.61
-76.3768108,43.1505129,2019-07-01,1000.0,1049436,Onondaga,29222cea-926f-4468-a560-c0c2219ba899,1,0.01,74.19,1.38,19.89,0.73,0.73,0.7
-79.2818741,42.4997684,2019-08-01,1000.0,1048726,Chautauqua,ac92b25c-2cc3-46dd-aa9f-57aa88472307,8,0.75,68.81,2.26,22.05,0.59,0.59,0.58
-73.7336296,42.6687706,2019-08-01,100.0,1117530,Albany,9da692e1-ff31-4c3b-928b-b4e54d0a7502,5,0.11,72.38,1.56,21.66,0.5,0.52,0.49
-75.8954273,43.1493169,2019-08-01,50000.0,1111189,Madison,a772c3e5-bd52-483b-ad38-d680e1b20207,1,0.0,77.62,1.25,20.01,0.71,0.73,0.73
-75.4779523,43.1883104,2019-08-01,100000.0,1045464,Oneida,983d17a7-6a31-46a4-bdb5-f4acf082b694,9,0.0,77.62,1.25,20.01,0.71,0.73,0.73
-79.0924326,42.5639307,2019-08-01,1000.0,1043591,Erie,35370570-a5ba-42d3-aedf-b1c094cc3d4d,8,0.75,68.81,2.26,22.05,0.59,0.59,0.58
-76.44366,43.4645294,2019-08-01,10000.0,1045198,Oswego,48e49b05-5dfd-4653-b737-b9c145097694,1,0.01,64.81,2.19,22.56,0.53,0.54,0.53
-78.7644487,42.630758,2019-08-01,10000.0,1045259,Erie,a25e549c-3838-4c04-91cc-2c8460f02759,3,0.09,71.75,1.32,20.57,0.57,0.59,0.55
-73.6320453,43.329676,2019-08-01,10000.0,1044902,Warren,7073c8f9-c3eb-47d6-83e8-266dea662b83,5,0.06,76.31,1.55,19.69,0.59,0.62,0.69
-76.3304447,43.3365463,2019-08-01,10000.0,1045293,Oswego,556cfa18-9b01-4207-a482-22572bfbade7,1,0.01,64.81,2.19,22.56,0.53,0.54,0.53
-75.890066,43.1485346,2019-08-01,10000.0,1111192,Madison,0d489479-01d4-4189-8986-993d6b9b5eb4,1,0.0,77.62,1.25,20.01,0.71,0.73,0.73
-73.7495737,42.8078897,2019-08-01,1000000.0,1072577,Saratoga,08dc4025-1d59-42b2-a6c3-dffa554866e9,5,0.07,76.56,1.34,21.13,0.58,0.62,0.61
-73.6630595,42.7237429,2019-08-01,70.0,1118506,Rensselaer,75a6c585-c044-4a07-84ee-b96a0891ed36,5,0.11,72.38,1.56,21.66,0.5,0.52,0.49
-78.8370513,42.7720874,2019-08-01,1000.0,1043372,Erie,e63be5ae-d486-4ec9-be6e-265be21befdb,3,0.16,65.5,2.01,22.09,0.54,0.52,0.54
-76.2534061,43.4043405,2019-08-01,1000.0,1045298,Oswego,fbb1f032-7570-4a29-8ffd-c21b1730bedb,1,0.01,64.81,2.19,22.56,0.53,0.54,0.53
-76.5197217,43.0657591,2019-08-01,1000.0,1045284,Cayuga,d9197c16-7a91-46a5-bc1a-add9c9913c0e,1,0.0,69.75,1.4,22.15,0.63,0.61,0.62
-76.2506707,43.4103847,2019-08-01,100.0,1045301,Oswego,9fa0ceb9-5ad4-4ad4-8d18-97e6b928b001,1,0.01,64.81,2.19,22.56,0.53,0.54,0.53
-75.6299756,43.1208136,2019-08-01,10000.0,1042477,Oneida,95e5a91b-41fe-4b2c-bf4e-31670a7e0a79,9,0.0,77.62,1.25,20.01,0.71,0.73,0.73
-78.8624451,42.7315972,2019-08-01,10000.0,1045256,Erie,53d28295-0022-4728-9f90-efcdb6ffd4a6,3,0.09,71.75,1.32,20.57,0.57,0.59,0.55
-78.9259228,42.7265761,2019-08-01,1000.0,1045181,Erie,62894a00-2510-435a-9519-16108df50c41,3,0.09,71.75,1.32,20.57,0.57,0.59,0.55
-76.122346,43.1272566,2019-08-01,5000.0,1117952,Onondaga,9397f3a8-f785-4a5b-8e16-bc0b7f4daf14,1,0.0,69.75,1.4,22.15,0.63,0.61,0.62
-74.0229284,42.8516423,2019-08-01,1000000.0,1045452,Schenectady,725c148f-1d1c-44a6-b047-6ba5ef195a9a,5,0.07,76.56,1.34,21.13,0.58,0.62,0.61
-78.8336226,42.7888131,2019-08-01,1000.0,1043455,Erie,253a8592-de38-4a31-a327-11fafbc9c47f,3,0.16,65.5,2.01,22.09,0.54,0.52,0.54
-73.6790598,43.0494651,2019-08-01,500.0,1046370,Saratoga,20d717fd-6b5d-4ed0-8833-fc11a74dc80b,5,0.07,76.56,1.34,21.13,0.58,0.62,0.61
-73.9507228,42.5061635,2019-08-01,1000.0,1046041,Albany,7e1ce8f3-10f7-4513-89b9-8346c0bf770b,5,0.11,72.38,1.56,21.66,0.5,0.52,0.49
-79.0126953,42.6521756,2019-08-01,100000.0,1045247,Erie,3cc6693e-34fd-4b0a-8684-69a258c98c94,3,0.09,71.75,1.32,20.57,0.57,0.59,0.55
-76.6947341,43.2498568,2019-08-01,200.0,1046847,Cayuga,cf6e1f1a-18a3-488b-8b1b-8526b4532947,1,0.0,67.25,1.77,22.59,0.56,0.52,0.54
-79.2831088,42.4982833,2019-08-01,600.0,1048678,Chautauqua,389415f2-f291-4fed-8393-bfaf6708eed3,8,0.75,68.81,2.26,22.05,0.59,0.59,0.58
-75.2062143,43.0997641,2019-08-01,100000.0,1042467,Oneida,7df7335d-33c1-4103-afbb-60a482be40e4,9,0.0,79.31,1.14,19.26,0.66,0.7,0.73
-78.8142044,42.7799971,2019-08-01,300.0,1045253,Erie,3b87a03d-7987-49ba-b908-3bbe0f6c2376,3,0.16,65.5,2.01,22.09,0.54,0.52,0.54
-79.6910133,42.1443709,2019-08-01,1000000.0,1045166,Chautauqua,6e426772-11aa-494e-9d7e-3840625dad22,8,0.53,73.5,2.03,21.59,0.61,0.61,0.59
-78.7245972,43.0523374,2019-08-01,1000.0,1045622,Erie,dd0045a0-70ca-4eb6-a8c7-a272e6019358,3,0.16,65.5,2.01,22.09,0.54,0.52,0.54
-76.2651853,43.3811363,2019-08-01,500.0,1045296,Oswego,aa8330bd-aa51-47d3-a8cc-06a09be98630,1,0.01,64.81,2.19,22.56,0.53,0.54,0.53
-79.2640797,42.1201483,2019-08-01,1000.0,1131894,Chautauqua,31f8f507-38f4-42f4-9fcc-a6edd7a16a86,8,0.15,78.06,1.32,20.23,0.59,0.62,0.58
-75.4825973,43.1880669,2019-08-01,2000.0,1045465,Oneida,0b18435a-94a3-4f9a-82ed-fd4565bd1702,9,0.0,77.62,1.25,20.01,0.71,0.73,0.73
-75.5844412,43.1239516,2019-08-01,1100.0,1042476,Oneida,b6f9949a-07fa-4e67-b710-7252e6b4dd42,9,0.0,77.62,1.25,20.01,0.71,0.73,0.73
-76.2662336,43.1074053,2019-08-01,100000.0,1046424,Onondaga,d30de18a-250e-48d2-b5a8-d40db506d751,1,0.0,69.75,1.4,22.15,0.63,0.61,0.62
-79.7579652,42.1296067,2019-08-01,500.0,1045170,Chautauqua,39403020-7ff4-44ed-a234-2d9416cc2740,8,0.53,73.5,2.03,21.59,0.61,0.61,0.59
-78.8024273,42.7969654,2019-08-01,100.0,1043577,Erie,bf3c46fc-94b4-482a-b3bb-2b2580dd976e,3,0.16,65.5,2.01,22.09,0.54,0.52,0.54
-76.4727554,43.4598963,2019-08-01,100.0,1125169,Oswego,1ed79aec-8fb0-4006-ba5a-40342adf14e7,1,0.01,64.81,2.19,22.56,0.53,0.54,0.53
-77.4701042,43.2138765,2019-08-01,10000.0,1117922,Monroe,75f10702-e888-44a3-9425-006bf81cb902,6,0.0,69.06,1.82,21.66,0.58,0.55,0.56
-73.8017246,42.7729122,2019-08-01,1000000.0,1046222,Albany,d3593b4e-2b9f-4f5d-9604-1d9d3839a634,5,0.07,76.56,1.34,21.13,0.58,0.62,0.61
-76.4693223,43.467398,2019-08-01,10000.0,1125167,Oswego,97bf9109-0fe6-4e01-a4c1-02a111133886,1,0.01,64.81,2.19,22.56,0.53,0.54,0.53
-79.4184263,42.152581,2019-08-01,10000.0,1045143,Chautauqua,4723c146-c849-422b-bee5-5bcdd7449de2,8,0.15,78.06,1.32,20.23,0.59,0.62,0.58
-76.9544271,42.8797586,2019-08-01,1000.0,1048603,Seneca,233fe7bc-1650-496d-bd45-406d2a27a107,6,0.0,67.25,1.77,22.59,0.56,0.52,0.54
-78.7638865,42.6315202,2019-08-01,10000.0,1045258,Erie,228ce1e8-1199-4283-82d2-a253ad71442e,3,0.09,71.75,1.32,20.57,0.57,0.59,0.55
-73.7566563,42.8029147,2019-08-01,1000.0,1046346,Saratoga,df6e6c26-fa10-47b1-bd29-dd9ce9bbe01c,5,0.07,76.56,1.34,21.13,0.58,0.62,0.61
-78.8161097,42.7918013,2019-08-01,10000.0,1043373,Erie,d65a9016-265c-47e7-ae2e-7bf2d11aff82,3,0.16,65.5,2.01,22.09,0.54,0.52,0.54
-73.7199012,42.6827762,2019-08-01,300.0,1045442,Albany,2876435b-b814-41ca-94a8-8cc9cf6b4814,5,0.11,72.38,1.56,21.66,0.5,0.52,0.49
-76.3706066,43.340878,2019-08-01,200.0,1045291,Oswego,0f9c86e2-5420-4809-a99b-c6b4dd66dd21,1,0.01,64.81,2.19,22.56,0.53,0.54,0.53
-75.1689537,43.0870167,2019-08-01,10000.0,1048576,Herkimer,9b3e20ca-8c62-4264-b8cc-4d2f3f7cf6e4,9,0.0,79.31,1.14,19.26,0.66,0.7,0.73
-73.613829,43.3168657,2019-08-01,10000.0,1044901,Warren,298ef03b-0311-42b3-a323-cc14a762a39e,5,0.06,76.31,1.55,19.69,0.59,0.62,0.69
-73.9190927,42.9949817,2019-08-01,1000.0,1045468,Saratoga,e0274391-77a1-4d03-b817-b0cd6317b135,5,0.07,76.56,1.34,21.13,0.58,0.62,0.61
-73.8742267,42.9987577,2019-08-01,1000.0,1046827,Saratoga,9c1881d0-8a5c-4e6d-8eb4-92676e897319,5,0.07,76.56,1.34,21.13,0.58,0.62,0.61
-79.0026991,42.3888061,2019-08-01,500.0,1045245,Cattaraugus,15a80a6e-4ec2-481c-af7e-1477fdd71e88,8,0.09,71.75,1.32,20.57,0.57,0.59,0.55
-76.4888831,43.0663378,2019-08-01,100000.0,1045282,Onondaga,eea1c25b-0240-4702-bdd8-889796cc7f99,1,0.0,69.75,1.4,22.15,0.63,0.61,0.62
-77.4946941,43.2142354,2019-08-01,10000.0,1117918,Monroe,1bbd9ba6-a55d-464d-804b-84f6e4c58f78,6,0.0,69.06,1.82,21.66,0.58,0.55,0.56
-75.9622262,43.0598062,2019-08-01,500.0,1132343,Onondaga,beacf56f-fa9b-4585-9db2-5312ef9f90f7,1,0.0,69.75,1.4,22.15,0.63,0.61,0.62
-79.2852049,42.4971437,2019-08-01,500.0,1048649,Chautauqua,83dc9f72-b851-43f1-9586-f5d59be52f66,8,0.75,68.81,2.26,22.05,0.59,0.59,0.58
-78.8566584,42.7365476,2019-08-01,10000.0,1045255,Erie,7fcd1dd7-ebad-4bbd-bf20-4239e8450fcc,3,0.09,71.75,1.32,20.57,0.57,0.59,0.55
-79.6138754,42.1468848,2019-08-01,,1045162,Chautauqua,1402ba62-77fa-4c24-91a4-da2273c8fa1c,8,0.15,78.06,1.32,20.23,0.59,0.62,0.58
-79.5351089,42.1569649,2019-08-01,1000.0,1045156,Chautauqua,9a2e64aa-6055-4b7c-9213-d3cc3b9b6a43,8,0.15,78.06,1.32,20.23,0.59,0.62,0.58
-78.8960566,42.7089001,2019-08-01,300.0,1043371,Erie,8c65fdf7-b82f-4372-9acb-c7f34dc7b834,3,0.09,71.75,1.32,20.57,0.57,0.59,0.55
-75.4804562,43.1895471,2019-08-01,10000.0,1045466,Oneida,ee74f99a-aef7-421d-a728-b5cf2e597669,9,0.0,77.62,1.25,20.01,0.71,0.73,0.73
-79.573465,42.1566587,2019-08-01,10000.0,1045157,Chautauqua,144157b2-0154-4ba8-a588-7288231aaf24,8,0.15,78.06,1.32,20.23,0.59,0.62,0.58
-78.7146916,42.9305849,2019-08-07,1000000.0,1046581,Erie,859830c3-8122-4f14-ae96-57f183cbc629,3,10.24,80.94,1.89,22.64,0.54,0.57,0.53
-73.9211963,42.1430151,2019-09-01,2000.0,1046237,Greene,8ef80c45-3eeb-4e9d-8913-cbe3c8297c8b,5,0.1,68.94,1.55,18.29,0.41,0.41,0.41
-73.7104799,42.4252325,2019-09-01,300.0,1046523,Columbia,6683dbc4-4c21-4e28-bafa-f007adca1ce9,5,0.75,70.31,1.63,17.17,0.47,0.46,0.46
-73.7970115,42.3422422,2019-09-01,500.0,1047308,Greene,cd92d443-edc4-4d2e-8ef0-a7ddbeff147f,5,0.75,70.31,1.63,17.17,0.47,0.46,0.46
-74.0527189,41.1827969,2019-09-01,200.0,1131131,Rockland,fe635304-1178-4fab-ba3b-f29a5c73400d,2,0.0,73.31,2.62,19.62,0.4,0.39,0.39
-73.9352984,41.8211289,2019-09-01,1000.0,1046524,Dutchess,047f028e-93de-4eff-8300-afbfda56680b,2,0.1,68.94,1.55,18.29,0.41,0.41,0.41
-73.9054929,42.2023665,2019-09-01,1000000.0,1044744,Greene,78899a5a-03f9-420d-bbb1-942facd5e221,5,0.1,68.94,1.55,18.29,0.41,0.41,0.41
-73.7587085,42.7856351,2019-09-01,10000.0,1043161,Albany,c7e5d2e1-0b0c-457d-ba4c-df2485b7485d,5,3.01,77.31,1.47,16.6,0.52,0.55,0.54
-73.9555885,41.9933737,2019-09-01,300.0,1046232,Ulster,d564960f-9c6c-4734-af8c-8bfe836c9a30,2,0.1,68.94,1.55,18.29,0.41,0.41,0.41
-73.768317,42.6864583,2019-09-01,1000.0,1046196,Albany,9a2efa6f-cdbb-4af0-b781-657d1bf8296e,5,0.75,70.31,1.63,17.17,0.47,0.46,0.46
-73.9025953,42.2360084,2019-09-01,10000.0,1044745,Greene,269f0f9f-196f-42ce-a2bd-38b5bcf2b69f,5,0.1,68.94,1.55,18.29,0.41,0.41,0.41
-73.8032473,43.0149813,2019-09-01,2000.0,1045476,Saratoga,6d031a1a-72d3-4e40-b51f-7d18b2eb4288,5,3.01,77.31,1.47,16.6,0.52,0.55,0.54
-73.95662,41.9820021,2019-09-01,300.0,1046236,Ulster,c642119d-d859-48df-8003-711143d53893,2,0.1,68.94,1.55,18.29,0.41,0.41,0.41
-73.7496556,43.0687835,2019-09-01,1000.0,1045002,Saratoga,09dbf302-7dc6-4279-bd33-0d3bd220d493,5,3.01,77.31,1.47,16.6,0.52,0.55,0.54
-74.0572074,41.8299282,2019-09-01,500.0,1117684,Ulster,a1ad3040-e82a-49c4-8905-fd80e096e7c0,2,0.1,68.94,1.55,18.29,0.41,0.41,0.41
-73.7788864,42.6777985,2019-09-01,400.0,1168066,Albany,5231484f-5687-4323-a816-30ffd8403c4f,5,0.75,70.31,1.63,17.17,0.47,0.46,0.46
-73.8918921,42.8391708,2019-09-01,10000.0,1046609,Schenectady,04fd5d09-ebe6-4ab8-81a5-4fb9d9cdbcfd,5,3.01,77.31,1.47,16.6,0.52,0.55,0.54
-73.8747539,42.7508018,2019-09-01,1000.0,1046291,Albany,ec677efc-ba98-485f-9d9d-430f83099649,5,3.01,77.31,1.47,16.6,0.52,0.55,0.54
-73.7379158,42.6602308,2019-09-01,300.0,1045438,Albany,8e08bc3e-33ac-42cf-a7aa-2502463cfb3e,5,0.75,70.31,1.63,17.17,0.47,0.46,0.46
-76.5115879,42.5325804,2019-09-01,400.0,1051166,Tompkins,5c2573f4-4715-42f9-9b77-f339d68010d9,1,7.28,78.25,2.2,16.25,0.55,0.56,0.53
-76.9228278,42.9587934,2019-09-01,10000.0,1045278,Seneca,7299720c-04dd-4669-9aba-928b3ae46918,6,11.66,75.94,2.29,18.26,0.56,0.55,0.54
-76.51511,42.4525451,2019-09-01,500.0,1117813,Tompkins,5bd44c90-9946-4f90-9715-4ec9646906f3,1,7.28,78.25,2.2,16.25,0.55,0.56,0.53
-73.9560711,41.9896751,2019-09-01,300.0,1046234,Ulster,63315e5e-2e71-4afe-ad1e-9fcab4009896,2,0.1,68.94,1.55,18.29,0.41,0.41,0.41
-76.5060472,42.5180561,2019-09-01,400.0,1051165,Tompkins,32d09ad8-1b79-4334-9c10-1e5a62e0c30d,1,7.28,78.25,2.2,16.25,0.55,0.56,0.53
-73.70365,41.1301062,2019-09-01,10000.0,1048605,Westchester,4b95abcd-355d-4fb0-a502-0f4b6b701831,2,0.0,73.31,2.62,19.62,0.4,0.39,0.39
-73.9540752,41.9936359,2019-09-01,1000.0,1046233,Ulster,ba2d6ba9-8b3a-42d8-b757-e8014a3f8db1,2,0.1,68.94,1.55,18.29,0.41,0.41,0.41
-76.3852672,42.4256512,2019-09-01,1000.0,1117814,Tompkins,b376742f-afde-4333-b1ed-eb85732296e3,1,7.28,78.25,2.2,16.25,0.55,0.56,0.53
-73.7946253,42.3278903,2019-09-01,10000.0,1047307,Greene,1de2dc42-c623-4c01-b0de-b207fd596190,5,0.75,70.31,1.63,17.17,0.47,0.46,0.46
-73.7679533,42.5935726,2019-09-01,300.0,1049993,Albany,1019f2b2-8027-44d8-a8cd-ac53bec13ad7,5,0.75,70.31,1.63,17.17,0.47,0.46,0.46
-76.0354581,42.0937722,2019-09-01,300.0,1046079,Broome,f58c626a-6221-466d-ba2a-ff1798659726,1,2.47,76.75,1.89,16.72,0.48,0.51,0.48
-74.1189009,41.2151209,2019-09-01,100.0,1131332,Rockland,73032b6b-dfac-44d4-ae23-2e7c74b9a52b,2,0.01,73.69,1.76,18.78,0.46,0.45,0.45
-74.1750516,41.1703113,2019-09-01,200.0,1131325,Rockland,cf3300be-e94c-4476-8bc6-e55ae65af423,2,0.01,73.69,1.76,18.78,0.46,0.45,0.45
-73.8292546,43.0318599,2019-09-01,10000.0,1046356,Saratoga,9d1d6914-0ecb-4697-99d4-2f312fd80664,5,3.01,77.31,1.47,16.6,0.52,0.55,0.54
-73.6125541,41.3716074,2019-09-01,2000.0,1048278,Putnam,a87f4f15-08e4-4d48-87b3-94c8ce1189c3,2,0.0,70.56,1.66,18.75,0.38,0.38,0.38
-73.8114253,43.051699,2019-09-01,10000000.0,1046353,Saratoga,cd602c6c-da73-43da-b3e3-19b565193e5c,5,3.01,77.31,1.47,16.6,0.52,0.55,0.54
-74.2491837,42.9573257,2019-09-01,300.0,1045497,Montgomery,b34b79e9-6835-4279-81f8-b00ab8bd1b7d,5,7.24,81.88,1.44,15.43,0.57,0.62,0.62
-73.7997105,42.9694738,2019-09-01,1000.0,1046360,Saratoga,09c2a37e-ed54-4a17-94ff-96c89d9b2415,5,3.01,77.31,1.47,16.6,0.52,0.55,0.54
-73.7714958,42.6856102,2019-09-01,10000.0,1046197,Albany,9df1cd8d-a8cf-4fb9-bea9-c741d8ff5c1c,5,0.75,70.31,1.63,17.17,0.47,0.46,0.46
-74.0442185,41.1845148,2019-09-01,1000.0,1117759,Rockland,1c9d03b2-bc07-4f1d-94f5-86297c47e381,2,0.0,73.31,2.62,19.62,0.4,0.39,0.39
-73.9191699,42.1571488,2019-09-01,10000.0,1046239,Greene,6218c2ae-fda1-442b-b518-0f10331d340d,5,0.1,68.94,1.55,18.29,0.41,0.41,0.41
-73.7739878,42.6756019,2019-09-01,300.0,1168067,Albany,e5b6c9fc-6f06-4923-b0ba-9ef3459a0a05,5,0.75,70.31,1.63,17.17,0.47,0.46,0.46
-73.9336128,42.6720817,2019-09-01,500.0,1119169,Albany,baa45266-7f1b-4f1c-abf8-1cc29d953d21,5,0.75,70.31,1.63,17.17,0.47,0.46,0.46
-73.7644566,42.4102407,2019-09-01,10000.0,1046520,Columbia,b8615083-c18c-4500-aab4-6fe79cd73fd9,5,0.75,70.31,1.63,17.17,0.47,0.46,0.46
-73.9529678,41.2489728,2019-09-01,300.0,1051385,Westchester,708ded1a-c212-4bd5-bcdc-cba81446766d,2,0.0,73.31,2.62,19.62,0.4,0.39,0.39
-75.8383949,42.1089453,2019-09-01,500.0,1045089,Broome,d9d6e039-ee82-4fdb-aa76-bc4eb57e8776,1,0.84,77.31,1.8,16.12,0.51,0.54,0.5
-73.9529806,42.6767418,2019-09-01,300.0,1119129,Albany,80bc507e-74fd-48e7-827f-a38b9b126753,5,0.75,70.31,1.63,17.17,0.47,0.46,0.46
-73.593157,43.0359424,2019-09-01,400.0,1047301,Saratoga,5ecf70a3-1f7c-4442-8554-9034000df96b,5,3.01,77.31,1.47,16.6,0.52,0.55,0.54
-73.7380187,42.6612938,2019-09-01,300.0,1045439,Albany,9f80ab34-9e2b-4556-9aa3-45034405c801,5,0.75,70.31,1.63,17.17,0.47,0.46,0.46
-73.9560467,41.9871034,2019-09-01,300.0,1046235,Ulster,3ea835d4-8e9c-42b9-94af-4d84ab44fbf5,2,0.1,68.94,1.55,18.29,0.41,0.41,0.41
-73.7252124,42.429978,2019-09-01,200.0,1046522,Columbia,1580b792-8d0d-4196-9a13-51e3ba3e6456,5,0.75,70.31,1.63,17.17,0.47,0.46,0.46
-73.7318227,43.0852008,2019-09-01,10000.0,1045001,Saratoga,ad8a4fb6-2ce5-42c9-9ace-275a3bb148bb,5,3.01,77.31,1.47,16.6,0.52,0.55,0.54
-73.7683862,42.6243177,2019-09-01,1000.0,1051990,Albany,9d416fbf-0f5c-478b-b235-44b2c7fffcf5,5,0.75,70.31,1.63,17.17,0.47,0.46,0.46
-73.7738953,42.7477241,2019-09-29,100000.0,1045449,Albany,f47f534f-39da-4af4-848f-c880501e1463,5,0.03,66.75,2.07,15.64,0.44,0.42,0.44
-75.9905063,44.3069955,2019-10-01,300.0,1043177,Jefferson,3f512156-1a6f-440e-8c77-df2a9fc755b4,7,13.37,88.19,2.27,18.84,0.52,0.6,0.52
-73.7620323,42.769194,2019-10-01,100000.0,1045451,Albany,be79fcd2-0604-4a82-bb56-d93db9d99219,5,7.1,85.31,1.95,19.89,0.48,0.54,0.5
-73.7259091,42.8085413,2019-10-01,10000.0,1132216,Albany,8352702e-6bcf-4e34-8887-2ddfc7d55473,5,7.1,85.31,1.95,19.89,0.48,0.54,0.5
-73.9591665,41.9638187,2019-10-01,50.0,1044887,Ulster,3aacffa8-b7ac-47da-af6f-0abcb6725fe1,2,4.97,80.75,1.86,20.09,0.39,0.43,0.38
-73.8915035,41.6770147,2019-10-01,3000.0,1119739,Dutchess,3d1e485c-e76d-4ad1-8789-059dc8bd23fb,2,1.91,75.94,2.12,21.03,0.34,0.35,0.34
-76.479086,43.4702791,2019-10-01,100000.0,1045195,Oswego,873b8458-bbcf-4010-bb99-829e80b7671b,1,7.11,84.31,3.12,21.55,0.5,0.54,0.49
-76.1137237,43.5664638,2019-10-01,1000.0,1045218,Oswego,87a70be2-6220-45ca-a62e-773b0b45c35b,1,7.11,84.31,3.12,21.55,0.5,0.54,0.49
-75.8400597,44.0410939,2019-10-01,1000.0,1045501,Jefferson,54139bb1-4b2b-4dc0-8975-4872971bf191,7,24.93,90.19,2.52,19.6,0.55,0.67,0.59
-73.8347931,41.0476696,2019-10-01,10000.0,1051331,Westchester,c884a879-45ef-459b-a4b6-db6b043da581,2,0.41,73.5,3.47,21.52,0.34,0.31,0.34
-75.9123581,44.036535,2019-10-01,1000.0,1045238,Jefferson,6210c763-ae81-4908-93a9-0424185744b8,7,24.93,90.19,2.52,19.6,0.55,0.67,0.59
-76.0823595,43.6277464,2019-10-01,,1120659,Oswego,6f842d1e-fafe-4509-a83f-6ff5f2a3b7ad,1,7.11,84.31,3.12,21.55,0.5,0.54,0.49
-75.9894064,44.3061148,2019-10-01,,1043179,Jefferson,7ffbfcec-ee04-4115-8b49-171969652dcc,7,13.37,88.19,2.27,18.84,0.52,0.6,0.52
-73.879247,42.604535,2019-10-01,300.0,1046038,Albany,6299d77f-9443-4362-8144-4b4628c612a1,5,8.21,81.0,2.09,20.08,0.45,0.48,0.44
-73.782683,41.0827646,2019-10-01,500.0,1051314,Westchester,736dabbb-1173-4a0d-90ba-eb0190e24bf3,2,0.41,73.5,3.47,21.52,0.34,0.31,0.34
-76.0802689,43.6448592,2019-10-01,10000.0,1045230,Oswego,cce44ec9-ed71-4923-9ecc-e092c63192f1,1,7.11,84.31,3.12,21.55,0.5,0.54,0.49
-73.6389008,41.4136916,2019-10-01,,1048517,Putnam,a195d537-d395-4fe3-a1e9-81d4bacc0663,2,1.91,75.94,2.12,21.03,0.34,0.35,0.34
-76.1083194,43.5853016,2019-10-01,500.0,1120657,Oswego,d790f802-5410-402d-bf70-c05a59f782d8,1,7.11,84.31,3.12,21.55,0.5,0.54,0.49
-73.9709824,41.978983,2019-10-01,200.0,1117713,Ulster,cae38f21-1364-4490-a525-5cbb8beaa361,2,4.97,80.75,1.86,20.09,0.39,0.43,0.38
-73.8471849,41.7502052,2019-10-01,,1120181,Dutchess,37bb65d8-1072-49dc-ba7f-c41732155469,2,4.97,80.75,1.86,20.09,0.39,0.43,0.38
-76.1123093,43.5743609,2019-10-01,300.0,1120654,Oswego,55a3dc11-d673-4668-b476-afd068c80213,1,7.11,84.31,3.12,21.55,0.5,0.54,0.49
-73.7026797,43.0882652,2019-10-01,500.0,1046675,Saratoga,84100e8e-560d-4334-aeaf-bc46bece54c1,5,7.1,85.31,1.95,19.89,0.48,0.54,0.5
-73.7252971,42.8079078,2019-10-01,9000000.0,1072576,Albany,b49cc2f9-d464-4511-a589-1c08fb2d82a4,5,7.1,85.31,1.95,19.89,0.48,0.54,0.5
-76.1228581,43.3446618,2019-10-01,10000.0,1044076,Oswego,a688c3c7-9445-4b1b-816b-8464601c8bb6,1,7.11,84.31,3.12,21.55,0.5,0.54,0.49
-73.9906232,42.8095003,2019-10-01,1000.0,1047017,Schenectady,90064051-f078-4454-a688-9824a6a063d6,5,7.1,85.31,1.95,19.89,0.48,0.54,0.5
-76.3694456,42.8766123,2019-10-01,500.0,1125657,Onondaga,e240dae3-08c8-481f-9e52-0d12d04b41d7,1,2.96,78.0,2.53,22.72,0.6,0.58,0.59
-75.9437276,43.9888458,2019-10-01,10000.0,1045234,Jefferson,43bf9d0a-03eb-449f-8805-db85943f42aa,7,17.35,91.0,3.69,19.46,0.59,0.64,0.58
-73.5889207,41.38855,2019-10-01,1000.0,1048226,Putnam,6dbae676-5560-4e7f-b29f-28ed91a8405c,2,1.91,75.94,2.12,21.03,0.34,0.35,0.34
-73.6380953,41.4049683,2019-10-01,1000.0,1048516,Putnam,c20075bc-31a0-4af6-ad59-0a68f7c7603f,2,1.91,75.94,2.12,21.03,0.34,0.35,0.34
-76.1174828,43.4637787,2019-10-01,1100.0,1046486,Oswego,32195570-493c-4ed1-8964-7ffa41f0b150,1,7.11,84.31,3.12,21.55,0.5,0.54,0.49
-73.9734506,41.3561038,2019-10-01,100.0,1046892,Orange,29ecf14b-5de2-46da-8300-2e4ea8fcd1b6,2,1.91,75.94,2.12,21.03,0.34,0.35,0.34
-76.8612059,42.1601107,2019-10-01,1000.0,1046159,Chemung,9fa3f18a-492d-4502-946b-f444addf1053,6,0.61,73.06,2.34,22.26,0.43,0.41,0.43
-75.4880924,43.7952198,2019-10-01,100.0,1045242,Lewis,ca31821b-493c-4a5d-acf0-6ed22f996423,7,24.93,90.19,2.52,19.6,0.55,0.67,0.59
-74.0223384,41.10419,2019-11-01,2000.0,1046541,Rockland,5eae185b-cdf6-43c3-9898-d96b4624e962,2,6.46,65.94,5.23,9.05,0.52,0.62,0.51
-72.3908374,40.8710841,2019-11-01,3000.0,1118278,Suffolk,10cea5a3-c377-41f4-be8d-a0b3c5f83961,4,7.8,68.38,8.84,11.7,0.5,0.61,0.48
-73.9562377,41.0937977,2019-11-01,2000.0,1046566,Rockland,9caf8e34-afc4-4e65-9a11-9054083253a2,2,6.46,65.94,5.23,9.05,0.52,0.62,0.51
-72.3730231,40.879181,2019-11-01,10000.0,1118277,Suffolk,f589e9d3-9a5c-445a-8546-09e3330f1d13,4,7.8,68.38,8.84,11.7,0.5,0.61,0.48
-72.3212001,40.8957014,2019-11-01,500.0,1118275,Suffolk,a3a79bc1-4936-4c23-9a29-fcce55f9da56,4,7.8,68.38,8.84,11.7,0.5,0.61,0.48
-74.0012316,41.1026997,2019-11-01,500.0,1049319,Rockland,3acadb1a-e26d-4cdf-b5ae-d61eb59df2ef,2,6.46,65.94,5.23,9.05,0.52,0.62,0.51
-73.9627452,41.1072574,2019-11-01,2000.0,1046569,Rockland,331e21b9-233d-43ec-bdf5-67f72ef062ab,2,6.46,65.94,5.23,9.05,0.52,0.62,0.51
-74.0025681,41.1028805,2019-11-01,1000.0,1046536,Rockland,50b0f423-1bbb-4071-b989-98161d502b3a,2,6.46,65.94,5.23,9.05,0.52,0.62,0.51
-73.9533677,41.1024206,2019-11-01,200.0,1046546,Rockland,1512d0bf-aa79-447c-afc4-7b8b1ff86b97,2,6.46,65.94,5.23,9.05,0.52,0.62,0.51
-72.3365764,40.8900149,2019-11-01,1000.0,1118276,Suffolk,5637cac5-3e42-40be-91a9-cf80ccfbb106,4,7.8,68.38,8.84,11.7,0.5,0.61,0.48
-73.9664962,41.1006565,2019-11-01,10000.0,1046567,Rockland,3e342a75-cac6-4b28-a05c-95edf56e2c02,2,6.46,65.94,5.23,9.05,0.52,0.62,0.51
-72.548755,40.8206334,2019-11-29,200.0,1037893,Suffolk,e7474f1a-5d6b-4905-a66e-16e0812e7bc6,4,0.0,75.88,7.05,2.9,0.51,0.57,0.5
-72.4397914,40.8544159,2019-11-29,1000.0,1037892,Suffolk,8d8b0148-dcff-4056-ac83-f0a0d94d80ab,4,0.0,75.88,7.05,2.9,0.51,0.57,0.5
-71.9254566,41.0509141,2019-12-09,10000.0,1038186,Suffolk,b6c850c0-2373-4060-aad4-d835c339305b,4,32.57,90.81,9.83,12.22,0.55,0.77,0.56
-71.9562188,41.0434433,2019-12-09,12000.0,1038185,Suffolk,267804d3-202e-426e-b83d-f65f4685d3d7,4,32.57,90.81,9.83,12.22,0.55,0.77,0.56
-73.4223077,40.8850238,2019-12-09,1000.0,1038179,Suffolk,c8b73262-f630-4331-b22f-11ce0323841d,4,39.1,97.19,6.05,9.64,0.52,0.75,0.52
-73.3876409,40.9021656,2019-12-10,1000.0,1038205,Suffolk,cfc161d0-e156-4b43-a268-2445f123d0f5,4,7.29,93.81,5.45,10.38,0.56,0.71,0.55
-73.7492351,40.8313587,2019-12-10,100000.0,1038194,Nassau,b3a28635-7200-48f0-811a-fab1b2b609d1,2,7.41,94.31,4.26,9.79,0.64,0.72,0.62
-72.2896945,40.9179207,2019-12-10,100000.0,1038199,Suffolk,f036928d-7063-42e6-aa50-725a1451767a,4,6.35,94.38,6.63,10.87,0.59,0.69,0.56
-72.4542082,40.8996748,2019-12-10,10000.0,1038197,Suffolk,e76fa5f7-f728-4ae4-9ad6-931950fb715f,4,6.35,94.38,6.63,10.87,0.59,0.69,0.56
-73.7416525,40.8253356,2019-12-10,1000.0,1038195,Nassau,b90296c6-6fa1-4398-a115-9e443ae95689,2,7.41,94.31,4.26,9.79,0.64,0.72,0.62
-73.3109249,40.9213828,2019-12-10,10000.0,1038206,Suffolk,a3808974-930a-4e7f-80c1-945e552d8768,4,7.29,93.81,5.45,10.38,0.56,0.71,0.55
-74.5832518,41.3829151,2019-12-11,1000.0,1038213,Orange,0a6250b2-2f29-44b8-86e2-831bbd2420ef,2,1.94,77.31,2.4,-1.81,0.58,0.65,0.56
-74.1557196,41.5132134,2019-12-12,10000.0,1038259,Orange,ce0b4970-39b6-4d84-b8f9-a0689add70b2,2,0.0,71.88,1.63,-4.46,0.57,0.64,0.56
-74.104859,41.5388481,2019-12-12,100.0,1038248,Orange,2a12ab3a-2239-4ddb-93c4-2d266feadd08,2,0.0,71.88,1.63,-4.46,0.57,0.64,0.56
-74.1332838,41.5070622,2019-12-12,,1038260,Orange,27a08206-9481-4241-a63b-0b19fb0df414,2,0.0,71.88,1.63,-4.46,0.57,0.64,0.56
-74.1217343,41.4808028,2019-12-12,10000.0,1038261,Orange,f276ac7b-fc92-47c1-b43c-53bde0b3f551,2,0.0,71.88,1.63,-4.46,0.57,0.64,0.56
-73.8188455,42.4031784,2019-12-13,1000000000.0,1038371,Greene,94d3baeb-6a5b-4573-bea1-69c1812cf5fb,5,7.43,96.31,2.45,-1.02,0.8,0.81,0.77
-73.994814,42.8315559,2019-12-13,10000.0,1038358,Schenectady,695e8f88-646e-4219-b043-a07d2daf840e,5,4.88,93.94,2.15,-1.26,0.68,0.72,0.7
-73.7402695,42.812486,2019-12-13,100000000.0,1038367,Saratoga,628fe95b-5552-4402-83ea-7273b4bf92ac,5,4.88,93.94,2.15,-1.26,0.68,0.72,0.7
-74.4238827,42.9267267,2019-12-14,1000.0,1038374,Montgomery,ff18c420-9875-4ac2-ade4-0ee694579667,5,13.37,98.44,2.5,1.71,0.74,0.79,0.79
-73.9799825,41.5655876,2019-12-17,1000.0,1038453,Orange,951e1f6e-4312-4aca-90b3-f2d16e42f2b9,2,14.25,94.25,2.3,-2.66,0.7,0.73,0.69
-73.7254738,42.6151489,2019-12-17,10000.0,1038451,Rensselaer,0f0eb3b5-d2f8-49f2-b5e1-6c91b22f34a1,5,10.24,90.38,1.75,-3.56,0.82,0.82,0.8
-74.0122055,41.4815802,2019-12-17,1000.0,1038454,Orange,63181d27-4281-4f62-814a-5a7028fce0e9,2,14.25,94.25,2.3,-2.66,0.7,0.73,0.69
-73.9521758,42.0683802,2020-01-01,1000.0,1117700,Ulster,8747d553-07b2-40b8-ad7e-d9e7ec91bcf7,2,0.19,95.0,2.25,-3.27,0.77,0.79,0.77
-79.6280477,42.3111802,2020-01-07,10000.0,1039436,Chautauqua,faf20dc4-9157-4f77-abe5-d34ce3ae5bea,8,0.07,85.81,4.52,0.98,0.73,0.73,0.7
-79.38457,42.4495703,2020-01-07,1000.0,1039439,Chautauqua,0bee38ea-0f3b-46da-af73-3b55bfbde0b4,8,0.07,85.81,4.52,0.98,0.73,0.73,0.7
-79.6777739,42.2922039,2020-01-07,200.0,1039434,Chautauqua,5d5d2e3e-e496-4823-825d-c125d1134b48,8,0.07,85.81,4.52,0.98,0.73,0.73,0.7
-73.893126,42.763147,2020-01-17,50.0,1040097,Albany,5217d586-0eff-4220-8735-723b088f0394,5,0.06,69.62,3.64,-11.7,0.73,0.75,0.77
-73.7838216,42.6175156,2020-01-17,200.0,1040138,Albany,66c9f3ab-48c9-4f17-a3d6-b9026b17135e,5,0.03,74.06,4.88,-11.17,0.85,0.84,0.82
-73.7895997,42.5203536,2020-01-17,10000.0,1040100,Albany,a21de54e-0e51-4af3-bb66-b256060db2ca,5,0.03,74.06,4.88,-11.17,0.85,0.84,0.82
-73.7839361,42.6176294,2020-01-17,10000.0,1040140,Albany,5768fdc5-6b5d-4ab9-9756-046469d81a8c,5,0.03,74.06,4.88,-11.17,0.85,0.84,0.82
-73.7829264,42.6192827,2020-01-17,10000.0,1040139,Albany,06ad803d-6e15-4df3-bb03-35aba15b5db1,5,0.03,74.06,4.88,-11.17,0.85,0.84,0.82
-73.8314446,42.7055658,2020-01-20,,1040163,Albany,c4ad8f8f-86f4-4596-8a07-6362a4afe020,5,0.02,86.88,3.95,-11.59,0.85,0.84,0.82
-73.808414,42.7377352,2020-01-20,2000.0,1040167,Albany,5a3b77ef-072b-4ea7-8a12-3feae023eb78,5,0.02,86.88,3.95,-11.59,0.85,0.84,0.82
-73.8553144,42.7068478,2020-01-20,1000.0,1040161,Albany,94024975-81fd-4f86-9286-2c14da80b415,5,0.02,86.88,3.95,-11.59,0.85,0.84,0.82
-73.7909617,42.7390809,2020-01-20,200.0,1040169,Albany,1178cf55-3b38-4107-9b36-7d80924848ef,5,0.02,86.88,3.95,-11.59,0.85,0.84,0.82
-73.8591787,42.7056434,2020-01-20,10000.0,1040160,Albany,8c8ad465-0d66-410e-b9c1-f1b4c6c30863,5,0.02,86.88,3.95,-11.59,0.85,0.84,0.82
-73.8352928,42.6985613,2020-01-20,1000.0,1040162,Albany,c37c546b-4188-4011-aa9c-07d0cdd4d55d,5,0.02,86.88,3.95,-11.59,0.85,0.84,0.82
-78.6290021,42.0216954,2020-01-27,500.0,1040810,Cattaraugus,e3a524c5-3b73-4acd-bd40-dcb67fd1b649,8,1.21,93.81,3.73,-1.77,0.75,0.77,0.72
-76.2010442,43.0689431,2020-01-27,100000.0,1040817,Onondaga,7a6c5b42-add6-4370-8636-cb190fcd5cc8,1,3.09,97.69,3.5,-0.63,0.88,0.88,0.82
-76.2282849,43.1302437,2020-01-28,100000000.0,1040819,Onondaga,ed22abde-0dcc-4b0f-89a3-dba5cf36e08a,1,0.8,97.19,2.71,-3.22,0.88,0.87,0.82
-76.1637524,43.087466,2020-01-28,10000.0,1040854,Onondaga,e588f60d-55aa-44c3-9e05-10205db2b4bb,1,0.8,97.19,2.71,-3.22,0.88,0.87,0.82
-76.1724553,43.0808177,2020-01-28,100000.0,1040853,Onondaga,c5f37b7b-8e21-484a-9dfd-ddfc367ece09,1,0.8,97.19,2.71,-3.22,0.88,0.87,0.82
-76.1229797,43.1983098,2020-01-28,10000000.0,1040822,Onondaga,e277b8ce-6cf4-4582-a68e-976e49453ac8,1,0.8,97.19,2.71,-3.22,0.88,0.87,0.82
-76.0655413,43.1243804,2020-01-28,100000000.0,1040820,Onondaga,074183fa-5524-4b7d-92c3-fbeb7e51a876,1,0.8,97.19,2.71,-3.22,0.88,0.87,0.82
-75.4718501,44.6710459,2020-01-31,1000.0,1041153,St. Lawrence,0391ddba-f0c9-46f7-b8ff-8a7cae50898d,7,0.55,95.56,0.84,-8.68,0.62,0.67,0.63
-75.4391411,44.64721,2020-01-31,10000.0,1041154,St. Lawrence,8524ccd2-d3e4-4de4-809d-1dc6c16dc62b,7,0.55,95.56,0.84,-8.68,0.62,0.67,0.63
-73.4261569,43.9046311,2020-01-31,1000.0,1041158,Essex,66a78b17-703b-429f-bbbb-c37b89961bd6,0,0.02,88.25,1.8,-5.85,0.71,0.74,0.77
-73.6672765,40.9777774,2020-02-02,10000.0,1041198,Westchester,33f2cba6-52ad-4e05-a862-9ce625f14432,2,1.63,92.12,2.37,1.03,0.75,0.77,0.73
-73.0911902,40.7287573,2020-02-03,,1041413,Suffolk,0371989e-1058-47a0-b004-bd83af8dced5,4,0.03,85.44,5.32,6.28,0.88,0.9,0.87
-73.0573915,40.7292077,2020-02-03,1000.0,1041417,Suffolk,05ed2afd-56e2-492c-b60d-9b1a4d4b00b7,4,0.03,85.44,5.32,6.28,0.88,0.9,0.87
-72.8732165,40.7422147,2020-02-03,1000.0,1041466,Suffolk,b342d87b-6f25-4e46-8745-9f6fc6b5bf56,4,0.03,85.44,5.32,6.28,0.88,0.9,0.87
-72.9936032,40.7503257,2020-02-05,1000.0,1041667,Suffolk,82e4b0f3-5219-4460-8f7b-6073d69949eb,4,1.7,78.06,3.41,4.23,0.65,0.69,0.66
-73.7023524,40.8141795,2020-02-05,1000.0,1041612,Nassau,c91a8c51-7ca9-4f32-b09c-c7d2a103f6e6,2,1.65,79.69,3.14,3.26,0.74,0.76,0.73
-72.726301,40.7751653,2020-02-05,100.0,1041619,Suffolk,b6221ec6-08f0-43f7-a561-cc9005f6ff1d,4,1.65,79.69,3.66,4.58,0.71,0.73,0.7
-77.3289765,42.986206,2020-02-12,200.0,1041920,Ontario,a74b9dc9-c61e-4823-9341-1764e8f3a792,6,0.54,90.12,3.24,-2.33,0.84,0.85,0.8
-76.9756958,42.9546193,2020-02-12,10000.0,1041925,Ontario,3e0daa97-dc3d-4df7-bea5-452b16ad783f,6,0.57,89.19,3.42,-1.41,0.81,0.84,0.76
-77.2295288,42.9788783,2020-02-12,1000.0,1041922,Ontario,9ee5d57e-d20d-42e9-bea6-495b98b1be68,6,0.54,90.12,3.24,-2.33,0.84,0.85,0.8
-76.9812707,42.9558168,2020-02-12,500.0,1041924,Ontario,f21530a2-14aa-4e72-ab6a-68d1f73da37b,6,0.57,89.19,3.42,-1.41,0.81,0.84,0.76
-77.2030871,42.9771776,2020-02-12,1000.0,1041923,Ontario,f10bce1c-2ae4-4f7c-a6d6-30367bb56522,6,0.54,90.12,3.24,-2.33,0.84,0.85,0.8
-77.2709655,42.9803955,2020-02-12,500.0,1041921,Ontario,736e9dea-ebe9-463f-ac30-25d84a49b210,6,0.54,90.12,3.24,-2.33,0.84,0.85,0.8
-74.0777302,41.6463151,2020-02-17,100.0,1042204,Ulster,4432b8e8-503e-4267-871f-5f2d6616b989,2,0.0,87.94,2.27,-1.03,0.69,0.73,0.68
-73.6741541,43.2676561,2020-02-17,1000.0,1042240,Warren,30abb7d6-d77d-43e0-815c-77e5d3741e81,5,0.02,97.88,2.38,-9.09,0.7,0.73,0.81
-73.4508814,44.9595996,2020-02-17,1000.0,1042236,Clinton,70d79f4f-664c-4ca0-aa81-531574eaedff,0,0.12,94.44,2.7,-10.33,0.79,0.8,0.78
-73.697395,43.2029409,2020-02-17,1000.0,1042243,Saratoga,118fd6db-9b91-4656-9510-4fb7c20d12a0,5,0.0,92.75,2.34,-5.44,0.76,0.77,0.8
-73.454434,44.8973606,2020-02-17,1000.0,1042220,Clinton,5d0023be-f1ac-4034-9351-f81f3355ccd8,0,0.12,94.44,2.7,-10.33,0.79,0.8,0.78
-73.4477297,44.9428715,2020-02-17,10000.0,1042234,Clinton,4baa73e2-a0d4-4c43-a491-d7592d2431ad,0,0.12,94.44,2.7,-10.33,0.79,0.8,0.78
-73.4509149,44.9514257,2020-02-17,1000.0,1042235,Clinton,13643a52-5b84-4017-94a8-8678b7a3ff81,0,0.12,94.44,2.7,-10.33,0.79,0.8,0.78
-73.4503138,44.9084509,2020-02-17,500.0,1042230,Clinton,eed19f69-eba7-407b-a480-fba392f12950,0,0.12,94.44,2.7,-10.33,0.79,0.8,0.78
-73.7793402,42.6277228,2020-02-19,10000.0,1042307,Albany,09fd2ec5-9cd7-4bd6-871d-3d72c6049eb1,5,0.07,92.38,4.12,-4.35,0.88,0.85,0.85
-73.8461374,42.6923449,2020-02-19,,1042310,Albany,d55a0915-46ec-45e6-ac1c-64557d7aa133,5,0.07,92.38,4.12,-4.35,0.88,0.85,0.85
-73.8277018,42.660901,2020-02-19,500.0,1042309,Albany,6a9eb4ea-9bbd-46ef-8a82-b3e609feeb13,5,0.07,92.38,4.12,-4.35,0.88,0.85,0.85
-73.8034193,42.6439393,2020-02-19,1000.0,1042308,Albany,f80a98e7-b281-4006-9fa5-cef8873e871f,5,0.07,92.38,4.12,-4.35,0.88,0.85,0.85
-73.7784932,42.6277694,2020-02-19,500.0,1042306,Albany,feadd86a-b074-4a36-8bf5-a7895f2bad63,5,0.07,92.38,4.12,-4.35,0.88,0.85,0.85
-73.7659407,42.763703,2020-02-20,10000.0,1042349,Albany,64f999cc-1523-4b8c-b484-0146cca753b9,5,0.01,89.19,2.33,-9.88,0.77,0.77,0.8
-73.9435434,42.8027929,2020-02-20,1000.0,1042345,Schenectady,4d53586d-c42b-4e7a-8711-ca6fce4fda59,5,0.01,89.19,2.33,-9.88,0.77,0.77,0.8
-73.8542943,42.7061189,2020-02-20,10000.0,1042343,Albany,bd785038-fbf8-45c2-b0bd-fef4ea73bd0e,5,0.02,92.12,2.8,-9.43,0.88,0.85,0.84
-74.4637237,42.8969953,2020-02-21,10000.0,1042410,Montgomery,80bf4ca3-96c9-4b90-835a-580a7dada2df,5,0.0,98.75,2.77,-13.99,0.8,0.79,0.85
-75.2105365,43.114972,2020-02-21,10000.0,1042472,Oneida,f2d02203-0bd3-47d5-ad02-6eee374f12be,9,0.0,98.56,2.65,-13.03,0.84,0.81,0.89
-74.1625885,42.9177832,2020-02-21,100000.0,1042405,Montgomery,7753887a-bc52-4ab7-a926-5d0bf159b1ee,5,0.0,98.75,2.77,-13.99,0.8,0.79,0.85
-74.5083474,42.8912168,2020-02-21,1000.0,1042441,Montgomery,8ef87dea-1673-4c2d-93bc-60584e80f715,5,0.0,98.75,2.77,-13.99,0.8,0.79,0.85
-75.6966504,43.1047305,2020-02-21,1000.0,1042478,Madison,7e8a5ce0-16c7-49e5-8257-cbf4feff41a3,1,0.0,96.31,2.72,-10.46,0.91,0.88,0.91
-74.3615514,42.9456729,2020-02-21,100000.0,1042409,Montgomery,f4dc71aa-d805-4966-a19a-febb6077518a,5,0.0,98.75,2.77,-13.99,0.8,0.79,0.85
-74.2337933,42.9354225,2020-02-21,1000.0,1042407,Montgomery,3c775082-6b92-49b2-81d0-b9ff2e51821f,5,0.0,98.75,2.77,-13.99,0.8,0.79,0.85
-75.7138528,43.103398,2020-02-21,10000.0,1042479,Madison,c6016433-c0ff-4598-bdf5-2e185dcd5778,1,0.0,96.31,2.72,-10.46,0.91,0.88,0.91
-76.2449775,43.1041428,2020-02-22,100000.0,1042499,Onondaga,096ee2df-a291-4df1-9a5e-0a7b4dc022d2,1,0.0,91.56,3.39,-4.06,0.91,0.9,0.87
-76.9800763,42.9543345,2020-02-22,10000.0,1042488,Ontario,5c00863f-36c7-4e94-89d5-a4bb8f2bf079,6,0.04,86.62,3.84,-2.32,0.81,0.84,0.77
-76.1176359,43.142922,2020-02-22,10000.0,1042505,Onondaga,2c444c40-dcc5-40d4-b0d8-8d75135eb586,1,0.0,91.56,3.39,-4.06,0.91,0.9,0.87
-77.389353,42.9972324,2020-02-22,1000.0,1042496,Ontario,416a4503-3113-4701-a53d-a24d398b6127,6,0.03,85.75,4.48,-2.24,0.84,0.85,0.8
-76.9826384,42.9538186,2020-02-22,1000.0,1042489,Ontario,de293d4a-915f-4563-8950-1c1e78130ab1,6,0.04,86.62,3.84,-2.32,0.81,0.84,0.77
-76.7025403,43.0067699,2020-02-22,1000.0,1042487,Cayuga,49143677-af94-4f7d-ac3f-cf82c5db5a35,1,0.04,86.62,3.84,-2.32,0.81,0.84,0.77
-75.3223004,43.1536708,2020-02-22,10000.0,1042482,Oneida,01efe2d4-9678-41bd-b3f1-0c898040c389,9,0.0,96.38,3.29,-5.1,0.91,0.88,0.91
-76.1201605,43.1440952,2020-02-22,1000.0,1042503,Onondaga,1c1a2649-50ba-4bd1-be49-010969ece32d,1,0.0,91.56,3.39,-4.06,0.91,0.9,0.87
-77.230724,42.9799553,2020-02-22,10000.0,1042490,Ontario,71d51bae-e50d-4f8b-8982-b64adaf02f6b,6,0.03,85.75,4.48,-2.24,0.84,0.85,0.8
-79.0858442,42.5757422,2020-02-23,100000.0,1042516,Erie,1d0a2844-51d2-4f90-a048-5f90b1ed0547,3,0.0,81.69,5.59,1.77,0.79,0.78,0.75
-79.3043373,42.4609684,2020-02-23,1000.0,1042510,Chautauqua,87a5cf1e-c97b-4a2b-9bc8-c13e04a70e60,8,0.0,81.69,5.59,1.77,0.79,0.78,0.75
-79.5856651,42.3381902,2020-02-23,300.0,1042509,Chautauqua,3d8e0a9a-4b54-4a97-b7d5-b88b28714866,8,0.0,81.69,5.59,1.77,0.79,0.78,0.75
-79.3190599,42.4608722,2020-02-23,100.0,1042513,Chautauqua,8a188940-289d-419b-883b-2e04812a60d5,8,0.0,81.69,5.59,1.77,0.79,0.78,0.75
-79.2985343,42.4636741,2020-02-23,500.0,1042512,Chautauqua,5d4e30d9-5d5f-4b8b-b2dc-51eef119dea0,8,0.0,81.69,5.59,1.77,0.79,0.78,0.75
-73.5181073,42.4040212,2020-03-07,100000.0,1043125,Columbia,d5668d4b-2a29-4bd8-9340-aa67d1c71dae,5,0.14,76.44,4.19,-1.83,0.87,0.84,0.84
-73.7905915,42.832251,2020-03-07,200.0,1043158,Saratoga,39d89baf-ffc8-4a9c-bbb7-2825143808f9,5,0.03,74.5,3.52,-1.88,0.77,0.78,0.8
-73.4747758,42.3906366,2020-03-07,1000.0,1043123,Columbia,9c7b03cc-0384-4740-8bf6-f648ce81f035,5,0.14,76.44,4.19,-1.83,0.87,0.84,0.84
-73.5019204,42.3960152,2020-03-07,10000.0,1043124,Columbia,c76d1de6-9ec2-40a4-bd8c-9b53276dc4d3,5,0.14,76.44,4.19,-1.83,0.87,0.84,0.84
-73.7670151,42.8210293,2020-03-07,1000.0,1043130,Saratoga,a25191e0-7d1d-4597-8a3e-d38c4e6ad5c4,5,0.03,74.5,3.52,-1.88,0.77,0.78,0.8
-73.4322391,42.3625631,2020-03-07,300.0,1043120,Columbia,0db949f7-a7a9-43b4-bddf-cd980cae3860,5,0.07,73.62,4.16,-1.94,0.68,0.72,0.71
-73.7594684,42.8197059,2020-03-07,200.0,1043133,Saratoga,3a8f8cde-90d2-408a-8bf9-2c48aceef108,5,0.03,74.5,3.52,-1.88,0.77,0.78,0.8
-73.4575636,42.3702835,2020-03-07,1000.0,1043121,Columbia,07a1fe1b-242c-4450-8260-090bacf48933,5,0.14,76.44,4.19,-1.83,0.87,0.84,0.84
-73.8102188,42.8323942,2020-03-07,200.0,1043135,Saratoga,fa29d380-dc22-4920-91e3-cb8ecd1fc9fa,5,0.03,74.5,3.52,-1.88,0.77,0.78,0.8
-75.9886116,44.3063834,2020-03-08,10000.0,1043178,Jefferson,2101b0e7-6b3b-4e89-be94-511fa4df8040,7,0.0,79.5,3.59,2.67,0.65,0.69,0.67
-75.9944035,44.30789,2020-03-08,1000.0,1043176,Jefferson,de742f22-9889-4f45-8d6a-5237997f9128,7,0.0,79.5,3.59,2.67,0.65,0.69,0.67
-76.9812858,42.9578337,2020-03-08,1000.0,1043191,Ontario,9eaaa361-1ade-4721-99a4-3778acc043e5,6,0.01,78.19,3.19,3.59,0.8,0.83,0.76
-79.0429885,43.2188287,2020-03-09,1000.0,1043242,Niagara,53ac8356-adc7-44b8-bdc4-74766c09ecb5,3,0.05,81.94,6.12,9.25,0.81,0.84,0.8
-79.0373798,43.2032538,2020-03-09,1000.0,1043243,Niagara,c0b5725f-1bca-4d24-89d6-a6b760f72b5b,3,0.05,81.94,6.12,9.25,0.81,0.84,0.8
-78.8172048,42.7952581,2020-03-09,200.0,1043209,Erie,6e1b1c56-63eb-44cd-8700-1bc5d3777a3c,3,0.05,81.94,6.12,9.25,0.81,0.84,0.8
-78.7284767,42.8415061,2020-03-09,1000000.0,1043216,Erie,52badf7e-2856-4e1f-9b12-cb831cc866cc,3,0.05,81.94,6.12,9.25,0.81,0.84,0.8
-78.9056535,43.0036836,2020-03-09,10000.0,1043223,Erie,f3719933-6571-4d95-9606-51307b6282c7,3,0.05,81.94,6.12,9.25,0.81,0.84,0.8
-78.9168258,42.987924,2020-03-09,1000.0,1043221,Erie,b96a2eaf-cf41-4639-9260-c91719264a00,3,0.05,81.94,6.12,9.25,0.81,0.84,0.8
-78.9358638,42.9884486,2020-03-09,1000.0,1043232,Erie,5a7f95b1-9b2a-4324-8233-f29bd26240b1,3,0.05,81.94,6.12,9.25,0.81,0.84,0.8
-78.9218023,43.0037406,2020-03-09,10000.0,1043234,Erie,4fc2e1b6-0312-4e0f-b170-cfaba65707ef,3,0.05,81.94,6.12,9.25,0.81,0.84,0.8
-78.8308506,42.8684469,2020-03-10,1000.0,1043305,Erie,af0d3c0c-9baf-4504-8c50-184acfe7775c,3,4.62,87.94,6.04,6.51,0.81,0.85,0.8
-78.8818818,42.725784,2020-03-10,10000.0,1043322,Erie,41e37874-18bc-4e9d-9e24-08c0240fe170,3,4.14,91.69,5.11,6.16,0.83,0.83,0.8
-78.8973978,42.7170869,2020-03-10,1000.0,1043323,Erie,53f05523-d0c7-4d41-9048-f82f4b34cf25,3,4.14,91.69,5.11,6.16,0.83,0.83,0.8
-78.891406,42.7201957,2020-03-10,100000.0,1043324,Erie,2ec413f1-b5e5-4f4f-bbe5-57e474e59da0,3,4.14,91.69,5.11,6.16,0.83,0.83,0.8
-78.8110485,42.785269,2020-03-10,10000.0,1043317,Erie,e0c1f8ab-d0bc-46c3-858e-fc83b2b7a103,3,4.62,87.94,6.04,6.51,0.81,0.85,0.8
-78.8452727,42.8691098,2020-03-10,200.0,1043301,Erie,cc3cc842-1fde-4bfa-a033-2388b3a4f700,3,4.62,87.94,6.04,6.51,0.81,0.85,0.8
-78.8179846,42.8705849,2020-03-10,1000.0,1043310,Erie,60d11b87-ab58-4a11-ad53-3762ec292432,3,4.62,87.94,6.04,6.51,0.81,0.85,0.8
-78.8524329,42.869227,2020-03-10,1000.0,1043314,Erie,66df1f41-69db-4836-bcdf-3c0d5b3f8dc4,3,4.62,87.94,6.04,6.51,0.81,0.85,0.8
-78.8330056,42.8687591,2020-03-10,10000.0,1043303,Erie,78b07f83-6b97-41d3-976a-2ab80521ff4c,3,4.62,87.94,6.04,6.51,0.81,0.85,0.8
-78.8251675,42.8684289,2020-03-10,400.0,1043308,Erie,4be1a6f2-eb21-4cd4-ade1-deba82123ed1,3,4.62,87.94,6.04,6.51,0.81,0.85,0.8
-78.7915249,42.8750464,2020-03-10,1000.0,1043313,Erie,b519ba38-a96b-482c-a3f1-fd287d80866a,3,4.62,87.94,6.04,6.51,0.81,0.85,0.8
-78.8179105,42.8711018,2020-03-10,1000.0,1043311,Erie,126940ce-c773-46a0-9798-9412e2e568fe,3,4.62,87.94,6.04,6.51,0.81,0.85,0.8
-78.7843816,42.8998494,2020-03-11,500.0,1043433,Erie,a2593048-90f1-427b-8414-bc1bf3f93c9d,3,0.62,81.19,2.39,0.58,0.81,0.84,0.8
-78.8005139,42.8955373,2020-03-11,200.0,1043434,Erie,bc1c3ace-4a3c-4289-bef1-d3b8c588a032,3,0.62,81.19,2.39,0.58,0.81,0.84,0.8
-78.7736179,42.8912752,2020-03-11,1000.0,1043436,Erie,85f50b3d-7306-478d-b874-9e623bb14157,3,0.62,81.19,2.39,0.58,0.81,0.84,0.8
-78.8401895,42.7965821,2020-03-12,1000.0,1043573,Erie,c0b0d3ed-0321-421a-a338-7e689d98175e,3,0.21,83.81,2.2,5.63,0.81,0.84,0.8
-78.8379836,42.7979054,2020-03-12,200.0,1043572,Erie,93a04370-c85e-4517-9116-d6fdeb2212a1,3,0.21,83.81,2.2,5.63,0.81,0.84,0.8
-78.8378743,42.7891781,2020-03-12,1000.0,1043575,Erie,695baf9b-596b-40b1-baa1-989fe07da818,3,0.21,83.81,2.2,5.63,0.81,0.84,0.8
-73.6095729,42.4683371,2020-03-29,10000.0,1044016,Columbia,28921f4e-6bb4-45d4-9cea-f58295efb1ac,5,7.89,95.69,3.04,5.4,0.87,0.85,0.84
-76.0912261,43.2858206,2020-03-31,100.0,1044080,Oswego,df2a1f0c-f371-4582-b75b-47ffc6e98dd8,1,0.9,84.19,2.26,5.71,0.72,0.77,0.71
-76.1218087,43.2644379,2020-03-31,1000.0,1044083,Oswego,d2e88eca-1cda-4894-b2d6-0efcd808a46a,1,0.9,84.19,2.26,5.71,0.72,0.77,0.71
-76.1195704,43.4934416,2020-03-31,1000.0,1044072,Oswego,d979801c-6f14-404b-8576-cb8c0db56a79,1,0.9,84.19,2.26,5.71,0.72,0.77,0.71
-75.7148586,43.2335555,2020-03-31,100.0,1044097,Oneida,ca72bfbd-dd03-429b-b01f-823e9852d30f,1,1.23,87.38,1.61,4.89,0.94,0.9,0.92
-76.1107777,43.2841502,2020-03-31,300.0,1044079,Oswego,4308d118-a6dc-4d3b-838a-af06fc38dab8,1,0.9,84.19,2.26,5.71,0.72,0.77,0.71
-76.0247318,43.2645589,2020-03-31,1000.0,1044089,Oswego,429cf3bf-c85f-4714-8e4a-43fd491ace86,1,0.9,84.19,2.26,5.71,0.72,0.77,0.71
-76.0433183,43.2747904,2020-03-31,200.0,1044088,Oswego,c961171e-c021-48fd-88fb-b62244b89337,1,0.9,84.19,2.26,5.71,0.72,0.77,0.71
-75.8531727,43.2296521,2020-03-31,1000.0,1044092,Oneida,1aac4275-aa0d-4a0a-bc07-880fe1ff17c3,1,1.23,87.38,1.61,4.89,0.94,0.9,0.92
-76.0197883,43.8520235,2020-03-31,10000.0,1044069,Jefferson,b881b96b-5076-414b-be54-f05ff70a8ae1,7,1.91,83.62,3.02,4.58,0.74,0.77,0.75
-76.2342736,43.0691562,2020-04-02,1000.0,1044143,Onondaga,c3c53927-0e40-4a8d-bb2d-13aecf339c1a,1,0.01,77.62,3.7,4.48,0.88,0.88,0.83
-76.4640821,43.3293468,2020-04-02,1000.0,1044137,Oswego,b418b5fc-fce7-4ee6-ac78-dec211411e04,1,0.02,77.75,4.13,4.66,0.7,0.75,0.7
-75.982892,43.2463979,2020-04-02,300.0,1044127,Oswego,7e23555a-6abc-4c15-ac65-1143c63ce73e,1,0.01,77.62,3.7,4.48,0.88,0.88,0.83
-76.2246925,43.0659121,2020-04-02,10000.0,1044146,Onondaga,ec69b0cd-baf5-4a8d-ad64-94de85430c97,1,0.01,77.62,3.7,4.48,0.88,0.88,0.83
-76.2074838,43.0617975,2020-04-02,10000.0,1044149,Onondaga,b04f6677-6043-47c9-afaa-ef039f58691e,1,0.01,77.62,3.7,4.48,0.88,0.88,0.83
-76.2331899,43.0686019,2020-04-02,500.0,1044144,Onondaga,06258891-ac9a-41cb-85fb-f12044f2c335,1,0.01,77.62,3.7,4.48,0.88,0.88,0.83
-76.463772,43.3291214,2020-04-02,10000.0,1044140,Oswego,22756e76-456f-4b9f-b249-1c7636804d82,1,0.02,77.75,4.13,4.66,0.7,0.75,0.7
-76.0190328,43.2475518,2020-04-02,50.0,1044132,Oswego,3a850800-48f4-4925-9394-50fe1eb9bf6b,1,0.01,77.62,3.7,4.48,0.88,0.88,0.83
-76.3366597,43.1378226,2020-04-03,2000.0,1044160,Onondaga,7bc4f496-7251-4d85-b847-b565e00180cd,1,2.7,93.12,3.05,4.19,0.88,0.88,0.83
-76.0520181,43.076468,2020-04-03,10000.0,1044162,Onondaga,12e663a4-49c6-4c73-abc2-2ba272596840,1,2.7,93.12,3.05,4.19,0.88,0.88,0.83
-76.2682888,43.1141688,2020-04-03,10000.0,1044159,Onondaga,0d08555a-41d9-4f9b-823f-00d26646c22c,1,2.7,93.12,3.05,4.19,0.88,0.88,0.83
-76.272641,43.1147541,2020-04-03,1000.0,1044158,Onondaga,4b181911-eb3f-4e7c-9e7b-684ac622d8ed,1,2.7,93.12,3.05,4.19,0.88,0.88,0.83
-76.0389907,43.0790749,2020-04-03,10000.0,1044166,Onondaga,615391b6-7190-47a2-8746-6392d49ff6f7,1,2.7,93.12,3.05,4.19,0.88,0.88,0.83
-76.2407141,43.1200045,2020-04-03,10000.0,1044154,Onondaga,d7f2a7d7-cc53-4d5d-965b-48c0da70af56,1,2.7,93.12,3.05,4.19,0.88,0.88,0.83
-76.0143386,43.0950367,2020-04-03,1000000.0,1044172,Onondaga,5f322508-ca07-4d2e-9dba-ba309b2c43a7,1,2.7,93.12,3.05,4.19,0.88,0.88,0.83
-76.0287013,43.0846109,2020-04-03,1000.0,1044167,Onondaga,928b0423-1067-454a-b318-9aa3e6b64c61,1,2.7,93.12,3.05,4.19,0.88,0.88,0.83
-76.3206326,43.1320678,2020-04-03,1000.0,1044186,Onondaga,4b640fde-8e73-492b-945f-3ab04d636732,1,2.7,93.12,3.05,4.19,0.88,0.88,0.83
-76.0514116,43.0760446,2020-04-03,10000.0,1044163,Onondaga,04fde4fd-8209-4ca6-89e1-d12173fa3fa8,1,2.7,93.12,3.05,4.19,0.88,0.88,0.83
-75.9850102,43.0943724,2020-04-03,10000.0,1044173,Onondaga,8efc38a3-3234-4e8d-a26e-1ddc26f03c3d,1,2.7,93.12,3.05,4.19,0.88,0.88,0.83
-76.3254523,43.1320093,2020-04-03,1000.0,1044185,Onondaga,316f4e8d-b7e3-4d37-9e67-1be427e0c40e,1,2.7,93.12,3.05,4.19,0.88,0.88,0.83
-76.0850668,43.0927786,2020-04-03,10000.0,1044174,Onondaga,2ab6a088-2d78-4a86-afc7-f0ed9d3bb317,1,2.7,93.12,3.05,4.19,0.88,0.88,0.83
-76.3181442,43.1281339,2020-04-03,10000.0,1044187,Onondaga,ec296f07-ff14-430a-8dbb-f55673e99e25,1,2.7,93.12,3.05,4.19,0.88,0.88,0.83
-76.0527454,43.0927748,2020-04-03,10000.0,1044169,Onondaga,6527485d-3591-48ea-8959-2a1d2cf527ba,1,2.7,93.12,3.05,4.19,0.88,0.88,0.83
-76.0538351,43.0797442,2020-04-03,100000.0,1044164,Onondaga,e1df194c-e7b7-4017-8fa5-2b92b0b14685,1,2.7,93.12,3.05,4.19,0.88,0.88,0.83
-76.0532724,43.0867852,2020-04-03,10000.0,1044168,Onondaga,f6de3e53-61c7-4820-b431-bf73d737f83c,1,2.7,93.12,3.05,4.19,0.88,0.88,0.83
-76.2379643,43.0951609,2020-04-03,100000000.0,1044184,Onondaga,586fe09b-1c95-474c-a899-f729e42b93ad,1,2.7,93.12,3.05,4.19,0.88,0.88,0.83
-77.5495456,43.2057399,2020-04-04,10000.0,1044204,Monroe,6869f660-8116-45e5-93cb-4772078c7320,6,0.51,88.81,1.43,6.79,0.8,0.82,0.77
-77.6073032,43.1918944,2020-04-04,500.0,1044201,Monroe,9d9fd63e-9d8c-45f3-90c8-13c73327c458,6,0.51,88.81,1.43,6.79,0.8,0.82,0.77
-77.4055641,43.2203667,2020-04-04,1001.0,1044220,Monroe,03535b7b-40e1-407d-b6c7-78d6de2469ec,6,0.51,88.81,1.43,6.79,0.8,0.82,0.77
-77.5475005,43.2066562,2020-04-04,1000.0,1044203,Monroe,ab7582a6-05a6-4d19-bfab-e668c708c112,6,0.51,88.81,1.43,6.79,0.8,0.82,0.77
-77.3556886,43.2258186,2020-04-04,10000.0,1044221,Wayne,ab179b21-559c-40b7-a2b7-2fb79e406c5c,6,0.51,88.81,1.43,6.79,0.8,0.82,0.77
-77.5472635,43.2022808,2020-04-04,10000.0,1044202,Monroe,105c30bc-ed73-4b7c-ac35-e6efa8e38a11,6,0.51,88.81,1.43,6.79,0.8,0.82,0.77
-77.5440652,43.1887136,2020-04-04,1000.0,1044206,Monroe,ddbcc8c3-4f46-48d9-9b34-52a0d34d3bbf,6,0.51,88.81,1.43,6.79,0.8,0.82,0.77
-77.6723306,43.2298513,2020-04-04,1000.0,1044209,Monroe,8f65b4e0-6b35-4ba8-8859-db3d0d82e5b4,6,0.51,88.81,1.43,6.79,0.8,0.82,0.77
-77.2522242,43.2358381,2020-04-04,1000.0,1044217,Wayne,5cb7e538-a6b0-419d-b022-dd33ec15035d,6,0.51,88.81,1.43,6.79,0.8,0.82,0.77
-77.3977218,43.2206842,2020-04-04,1000.0,1044218,Monroe,94cd99fd-3781-44fa-b758-77fd8e172f88,6,0.51,88.81,1.43,6.79,0.8,0.82,0.77
-73.485462,44.6461572,2020-04-05,10000.0,1044237,Clinton,ae757026-d3ed-4449-8ddf-72bde6f42799,0,0.64,94.0,2.19,5.45,0.57,0.67,0.66
-73.4627724,44.7139076,2020-04-05,2000.0,1044239,Clinton,4e16dab7-5802-4cc6-8085-afa55f3d272e,0,0.64,94.0,2.19,5.45,0.57,0.67,0.66
-72.4651691,40.9045093,2020-04-06,200.0,1044306,Suffolk,2ad3092f-c95c-4798-85ea-76042238cd79,4,0.34,75.56,3.06,9.62,0.7,0.71,0.69
-72.7540367,40.7907318,2020-04-06,1000.0,1044309,Suffolk,780eb084-0f82-4bad-b447-588f6d8f4a3b,4,0.34,75.56,3.06,9.62,0.7,0.71,0.69
-72.7290276,40.8208314,2020-04-07,10000.0,1044351,Suffolk,ec3598ca-1529-4c39-b493-939c98d8ccde,4,0.04,74.38,4.41,9.21,0.7,0.7,0.68
-72.354447,40.8952709,2020-04-07,1000.0,1044337,Suffolk,0f2c34b1-7856-466b-8d46-858e624e41ae,4,0.04,74.38,4.41,9.21,0.7,0.7,0.68
-72.9951187,40.7495648,2020-04-07,10000.0,1044359,Suffolk,0dd305d7-a9c9-456d-9a9d-c11085e1bca9,4,1.58,78.69,4.29,9.06,0.83,0.88,0.81
-73.5791245,40.9011528,2020-04-08,1000.0,1044450,Nassau,e8d9bd6e-4967-415a-a3bc-2d95c4508114,2,4.04,85.62,2.23,11.07,0.71,0.74,0.7
-73.1601032,40.7330046,2020-04-08,1000000.0,1044421,Suffolk,181adf72-49f6-424b-83ad-e4430ee2d311,4,3.18,90.75,3.61,9.42,0.82,0.88,0.81
-73.8306489,42.2810683,2020-04-09,200.0,1044524,Greene,113188d6-9810-457c-bf8c-df2f7bf337c1,5,15.25,84.19,3.92,4.94,0.85,0.85,0.82
-73.7719055,42.4243384,2020-04-09,100000.0,1044533,Columbia,42698ada-a76d-466e-8bca-3fc38d515789,5,15.25,84.19,3.92,4.94,0.85,0.85,0.82
-73.7838236,42.3569661,2020-04-09,500.0,1044529,Columbia,4c7b707d-789c-4e78-97ba-311c98b22430,5,15.25,84.19,3.92,4.94,0.85,0.85,0.82
-73.7048812,42.6390328,2020-04-10,10000000.0,1044537,Rensselaer,01a03040-e8e0-47cc-977f-8b138e6f075c,5,0.76,79.75,4.65,2.22,0.86,0.84,0.83
-74.1846277,42.9308351,2020-04-10,200.0,1044540,Montgomery,6f38147d-4db1-418c-9deb-4de36d175882,5,1.05,82.5,5.01,1.66,0.83,0.81,0.88
-74.2588288,42.9363084,2020-04-10,1000.0,1044543,Montgomery,8131b099-fab0-4c46-8186-93fa66f69c4d,5,1.05,82.5,5.01,1.66,0.83,0.81,0.88
-74.1816723,42.9242506,2020-04-10,500.0,1044539,Montgomery,69c83a39-1320-49b6-b806-4f8541f38d9a,5,1.05,82.5,5.01,1.66,0.83,0.81,0.88
-74.2190343,42.9353982,2020-04-10,200.0,1044542,Montgomery,0e463281-439e-4eb1-b326-087935821399,5,1.05,82.5,5.01,1.66,0.83,0.81,0.88
-76.1857141,43.1712601,2020-04-11,10000.0,1044582,Onondaga,19bb2b84-8ae7-4ca7-bf79-74a117ef7d57,1,0.09,75.62,3.63,2.08,0.86,0.86,0.81
-76.0615396,43.1516585,2020-04-11,10000.0,1044576,Onondaga,c3aba7ca-7b4d-42a1-9462-8bc2ae78f2c4,1,0.09,75.62,3.63,2.08,0.86,0.86,0.81
-76.0994103,43.2244917,2020-04-11,1000.0,1044567,Onondaga,cf399ae6-52c5-4329-bd22-5b3d23ad07d5,1,0.09,75.62,3.63,2.08,0.86,0.86,0.81
-76.1071089,43.2198953,2020-04-11,500.0,1044565,Onondaga,c4d53a69-660f-458a-a9ad-cb367ccce9de,1,0.09,75.62,3.63,2.08,0.86,0.86,0.81
-76.1190746,43.2307139,2020-04-11,200.0,1044561,Onondaga,e792e178-28d1-40ae-aef2-d88063f2e59b,1,0.09,75.62,3.63,2.08,0.86,0.86,0.81
-76.0572521,43.1563482,2020-04-11,10000.0,1044577,Onondaga,753fbf70-ee46-4b54-970a-918c2a2af8f4,1,0.09,75.62,3.63,2.08,0.86,0.86,0.81
-76.0786718,43.1984796,2020-04-11,1000.0,1044570,Onondaga,d6d8dd0f-ff39-408f-9b1a-250164bdb792,1,0.09,75.62,3.63,2.08,0.86,0.86,0.81
-76.1571877,43.1595526,2020-04-11,1000000.0,1044584,Onondaga,09fecf40-9670-465e-ac6f-de80fc5cf988,1,0.09,75.62,3.63,2.08,0.86,0.86,0.81
-76.1844075,43.1853908,2020-04-11,10000000.0,1044586,Onondaga,ed16319c-d7a0-4beb-bc68-bf489e7cfb02,1,0.09,75.62,3.63,2.08,0.86,0.86,0.81
-76.054726,43.1653709,2020-04-11,10000.0,1044578,Onondaga,5468ba6a-22bf-47e8-a3af-0a63d7425d08,1,0.09,75.62,3.63,2.08,0.86,0.86,0.81
-76.1149935,43.2306387,2020-04-11,200.0,1044562,Onondaga,8864a5b5-ecd0-4892-84ba-e2c09841156b,1,0.09,75.62,3.63,2.08,0.86,0.86,0.81
-76.0890934,43.1529196,2020-04-11,200.0,1044573,Onondaga,658eb9ef-2235-4057-84ee-b9a29fcb8f46,1,0.09,75.62,3.63,2.08,0.86,0.86,0.81
-76.1848275,43.1703685,2020-04-11,200.0,1044583,Onondaga,c336d722-6f96-4187-ad59-97f1bb6858cd,1,0.09,75.62,3.63,2.08,0.86,0.86,0.81
-76.1418724,43.0926999,2020-04-12,1000.0,1044599,Onondaga,da6414f9-6c53-4369-8f71-d3db67e87a57,1,0.1,78.94,3.3,8.13,0.85,0.85,0.8
-76.1100713,43.0926313,2020-04-12,100000.0,1044602,Onondaga,0d8c1ebe-a433-48f7-982f-6faaa106b399,1,0.1,78.94,3.3,8.13,0.85,0.85,0.8
-75.9318468,43.0651505,2020-04-12,10000.0,1044606,Onondaga,10c05a88-67e1-48e1-84db-2ef82a31a774,1,0.04,81.44,3.02,6.8,0.91,0.88,0.91
-76.1561118,43.0918574,2020-04-12,1000000.0,1044597,Onondaga,16ae9133-628e-4d70-9fed-d7ce10b511da,1,0.1,78.94,3.3,8.13,0.85,0.85,0.8
-76.1216919,43.0933947,2020-04-12,1000.0,1044601,Onondaga,64a07dfd-7ef0-455c-8b9a-3ebb9161bd7e,1,0.1,78.94,3.3,8.13,0.85,0.85,0.8
-75.9759782,43.0770364,2020-04-12,100000.0,1044604,Onondaga,8218c233-1baa-45e1-a285-82411f568600,1,0.1,78.94,3.3,8.13,0.85,0.85,0.8
-76.0193858,43.074134,2020-04-12,100000.0,1044603,Onondaga,ac4d8f3f-2566-4e19-9d96-9a2f927c5e14,1,0.1,78.94,3.3,8.13,0.85,0.85,0.8
-76.1386082,43.0924515,2020-04-12,10000.0,1044600,Onondaga,de1c4350-c225-4705-881d-4bfe678ee68c,1,0.1,78.94,3.3,8.13,0.85,0.85,0.8
-75.9351386,43.0792157,2020-04-12,1000.0,1044605,Onondaga,14ff5299-fb72-420f-a18d-0ea736c77989,1,0.04,81.44,3.02,6.8,0.91,0.88,0.91
-76.1515877,43.0922116,2020-04-12,1000.0,1044598,Onondaga,bd926fb7-58cf-4473-acf9-cfe89cff4e32,1,0.1,78.94,3.3,8.13,0.85,0.85,0.8
-76.2783874,43.4740441,2020-04-12,500.0,1044625,Oswego,7010b2c1-6ac3-43f0-904b-07de1817c76b,1,0.01,78.06,4.08,7.55,0.69,0.73,0.69
-76.153223,43.1045177,2020-04-12,10000000.0,1044607,Onondaga,c7b91e7c-5cd9-4da7-a9b9-94e69d1494b0,1,0.1,78.94,3.3,8.13,0.85,0.85,0.8
-76.6659776,43.0268971,2020-04-13,10000.0,1044641,Cayuga,41c750b5-24f3-455f-b3c7-d446b5831395,1,7.51,80.44,6.05,11.94,0.74,0.77,0.7
-78.71459,43.1325052,2020-04-13,1000.0,1044650,Niagara,b0e6e65d-dd85-4b10-a917-b178e6a2d230,3,11.61,83.31,7.18,10.16,0.77,0.83,0.75
-78.7117495,43.1458729,2020-04-13,1000.0,1044648,Niagara,282eae07-daff-4e7f-9d93-3501dbbdc2fe,3,11.61,83.31,7.18,10.16,0.77,0.83,0.75
-78.1492531,43.2435679,2020-04-14,10000.0,1044700,Orleans,b74498f9-0252-4f17-8ab7-36c115167f56,6,0.31,63.19,3.52,2.74,0.77,0.8,0.75
-73.9694736,42.0904033,2020-04-15,1000.0,1044741,Ulster,69245b35-8ea0-49fd-93d0-ac09e56433dc,2,0.3,66.94,2.27,3.87,0.79,0.79,0.78
-73.9753049,42.0735038,2020-04-15,2000.0,1044740,Ulster,a14fe775-7cc3-42ec-aa30-903b7b675491,2,0.3,66.94,2.27,3.87,0.79,0.79,0.78
-73.3333446,40.9171843,2020-04-15,200.0,1044715,Suffolk,a362f8a7-a72f-4bc0-8137-5c1b7dd705ca,4,1.95,68.25,4.46,6.8,0.65,0.68,0.66
-73.7866061,42.515065,2020-04-16,300.0,1044750,Albany,9927dbb7-4300-4a67-96cb-0462d8172dad,5,0.64,73.0,2.79,0.15,0.86,0.84,0.83
-76.149965,43.1572551,2020-04-16,1000.0,1044776,Onondaga,217a86bb-3d6e-4ad5-8b6d-b7cfa64c6dae,1,0.85,74.81,3.12,-0.47,0.84,0.85,0.8
-76.1848925,43.2131206,2020-04-16,10000.0,1044780,Onondaga,7e259045-a5ad-47d2-a837-280283fa1450,1,0.85,74.81,3.12,-0.47,0.84,0.85,0.8
-76.0900831,43.1279621,2020-04-16,1000.0,1044773,Onondaga,795385ad-e542-4e25-ad1a-21a336ce78e0,1,0.85,74.81,3.12,-0.47,0.84,0.85,0.8
-76.137853,43.1231508,2020-04-16,10000.0,1044772,Onondaga,aaac8476-8001-4c7b-881f-4906592d0a23,1,0.85,74.81,3.12,-0.47,0.84,0.85,0.8
-76.1965168,43.2092835,2020-04-16,10000.0,1044778,Onondaga,0087373e-fea2-46c2-94df-aaee8bee190b,1,0.85,74.81,3.12,-0.47,0.84,0.85,0.8
-73.3763087,45.0049471,2020-04-18,1000.0,1044857,Clinton,8204a698-24fa-4062-b3a2-06a179ed2640,0,0.02,64.06,1.83,3.76,0.79,0.79,0.81
-79.7086337,42.1446111,2020-04-23,1000.0,1045167,Chautauqua,09f04dad-c10c-417b-9fbc-ba1e96f29ac9,8,2.01,85.88,2.1,5.7,0.77,0.77,0.74
-78.9409255,43.0961681,2020-04-25,10000.0,1045270,Niagara,5eb9c7ef-597a-41af-b160-1fc30fd22130,3,0.69,69.0,2.81,7.4,0.73,0.77,0.72
-74.6006448,42.7837341,2020-05-05,300.0,1046024,Schoharie,1a9e605e-9ed3-401a-80d0-4e50ba5523df,9,0.0,70.56,2.23,4.66,0.8,0.79,0.86
-73.9816118,42.0372263,2020-05-11,1000.0,1046220,Ulster,5907ec64-07bc-4772-b860-19ec4c2c826b,2,4.75,84.0,1.95,7.06,0.76,0.78,0.74
-73.6492173,42.8068075,2020-05-12,200.0,1046284,Rensselaer,530283a0-ee6f-4ec3-939c-13420ad63191,5,0.2,68.12,2.92,4.62,0.76,0.77,0.8
-76.3773289,43.2244567,2020-05-14,1000.0,1046402,Onondaga,e4407528-be71-41af-a6e1-978103740312,1,3.9,70.44,2.12,10.44,0.8,0.82,0.77
-76.2800148,43.1021008,2020-05-15,,1046429,Onondaga,08d18ef4-71ca-486c-8f3f-727a2feb7c76,1,15.07,91.62,2.48,16.59,0.81,0.84,0.77
-78.0071334,43.099614,2020-06-11,,1067997,Genesee,2dc90622-23b6-4284-bc2a-d904e084e565,6,3.67,68.75,3.56,20.52,0.6,0.62,0.6
-76.3016768,43.4937539,2020-06-17,1000.0,1051001,Oswego,a12b1edf-38e2-474d-8fb9-1dc3d405b5ab,1,0.0,62.69,1.5,21.1,0.52,0.51,0.52
-78.8264404,43.0213614,2020-07-08,,1068182,Erie,de7fbc6b-f024-4167-9604-ececf6893a7d,3,2.57,68.12,2.55,26.69,0.5,0.48,0.5
-78.8320648,43.0190601,2020-07-08,,1068146,Erie,73ab985c-22d5-4154-abd7-09bdae0e191a,3,2.57,68.12,2.55,26.69,0.5,0.48,0.5
-78.8317895,43.0185098,2020-07-08,,1068145,Erie,fdb4d5fd-365e-4bfa-8e67-57b8df709e96,3,2.57,68.12,2.55,26.69,0.5,0.48,0.5
-78.8277872,43.0208591,2020-07-08,,1068150,Erie,9ac0917a-9212-47e3-9ad5-58ef309dc53d,3,2.57,68.12,2.55,26.69,0.5,0.48,0.5
-78.831367,43.0232932,2020-07-08,,1068147,Erie,62a563ce-1b31-4215-8e4e-5eeea97b7206,3,2.57,68.12,2.55,26.69,0.5,0.48,0.5
-78.8249524,43.0229616,2020-07-08,,1068148,Erie,29f2dd82-79f5-4298-89cc-804681973cd7,3,2.57,68.12,2.55,26.69,0.5,0.48,0.5
-78.8272012,43.0207007,2020-07-08,,1068141,Erie,3adc0698-5ca5-4087-9583-fca1daad4c00,3,2.57,68.12,2.55,26.69,0.5,0.48,0.5
-78.8261556,43.022166,2020-07-08,,1068149,Erie,2f4f03d6-fd5e-49f1-8211-7a2dc1122f5b,3,2.57,68.12,2.55,26.69,0.5,0.48,0.5
-78.8238786,43.0308255,2020-07-08,,1068151,Erie,d65aabc3-7482-46b7-92af-93f9c551fa56,3,2.57,68.12,2.55,26.69,0.5,0.48,0.5
-78.8245254,43.0228761,2020-07-08,,1068140,Erie,3dcdabad-6a83-458d-8866-15adb7f49a8f,3,2.57,68.12,2.55,26.69,0.5,0.48,0.5
-75.9713074,42.0999668,2020-07-16,,1248238,Broome,21e5e960-094a-4930-9d2c-2c0960d408d4,1,3.19,82.88,3.04,21.3,0.52,0.56,0.51
-78.8281279,43.0298104,2020-07-27,,1068154,Erie,5e8311a7-a3e8-4bef-b5eb-935c8a32cda0,3,3.48,73.38,4.7,26.9,0.53,0.51,0.52
-78.5476832,42.7515607,2020-07-30,,1062206,Erie,6086002b-2096-481e-8392-8959562cd5f1,3,0.67,61.94,1.81,23.73,0.53,0.52,0.53
-73.7605906,42.6708718,2020-08-26,,1064272,Albany,5e5a01bb-098a-4211-8b45-e5709748ceaf,5,0.01,56.56,2.45,16.57,0.44,0.42,0.44
-73.7595616,42.6712058,2020-08-26,,1064271,Albany,f149da30-cde1-4286-9dd8-02fba2f759fe,5,0.01,56.56,2.45,16.57,0.44,0.42,0.44
-73.7621114,42.6714526,2020-08-26,,1064274,Albany,294f832e-086f-400b-a44d-f76672167974,5,0.01,56.56,2.45,16.57,0.44,0.42,0.44
-73.7640283,42.6717886,2020-08-26,,1064275,Albany,11372d8d-253a-4d7b-88a0-5a15b4ad57bc,5,0.01,56.56,2.45,16.57,0.44,0.42,0.44
-78.0186476,43.0924246,2020-09-09,,1070723,Genesee,1384c3cc-1ef0-4e3d-9b80-a0b232802dc9,6,0.06,75.31,1.07,21.85,0.52,0.49,0.51
-78.00467,43.0962893,2020-09-09,,1070724,Genesee,f8791d8e-46be-4171-abef-c8cae94136a0,6,0.06,75.31,1.07,21.85,0.52,0.49,0.51
-78.005958,43.096279,2020-09-09,,1070727,Genesee,6a4ced39-5556-4050-b0f4-4da0c22fc4cf,6,0.06,75.31,1.07,21.85,0.52,0.49,0.51
-78.0218186,43.092301,2020-09-09,,1070725,Genesee,30779215-b3d2-4f9d-a6ab-5a854084b351,6,0.06,75.31,1.07,21.85,0.52,0.49,0.51
-78.0082509,43.0922741,2020-09-10,,1070731,Genesee,51010827-2479-4803-99aa-70b29990b7e3,6,0.24,79.69,1.73,19.66,0.51,0.49,0.51
-78.0056448,43.0953654,2020-09-10,,1070729,Genesee,c97460e2-d48f-4921-ac55-1cd1f973d445,6,0.24,79.69,1.73,19.66,0.51,0.49,0.51
-78.0084752,43.0926321,2020-09-10,,1070730,Genesee,ba440621-2cef-426e-a446-018522d8a3da,6,0.24,79.69,1.73,19.66,0.51,0.49,0.51
-78.0047808,43.0951775,2020-09-10,,1070728,Genesee,3203b2bd-9e79-42f3-a757-6f44c67f5e4c,6,0.24,79.69,1.73,19.66,0.51,0.49,0.51
-78.8663061,42.9305631,2020-09-14,500.0,1069142,Erie,ac332bc7-bbba-49ce-b1a7-0b8be653dc9f,3,0.91,67.19,3.05,15.05,0.51,0.49,0.5
-73.1042857,40.7434181,2020-10-06,,1079798,Suffolk,81f2aceb-bc6d-448f-adb3-bd15e1bcb2ac,4,0.12,74.88,5.01,17.71,0.41,0.64,0.4
-77.3339913,42.8808245,2021-03-04,1000.0,1119342,Ontario,81a6ac08-023e-4c03-8c48-bf194b00b1fc,6,0.02,72.56,4.64,-3.09,0.77,0.79,0.74
-78.6414228,42.5968738,2021-06-11,,1151029,Erie,1db3d496-ad6b-4972-9f09-3297ec4ce53f,3,0.14,69.81,1.57,22.05,0.53,0.54,0.52
-79.4219357,42.3417993,2021-07-21,,1157289,Chautauqua,7e28f0ab-5f51-4e2b-8107-bb573c0ba295,8,2.58,74.62,3.29,19.86,0.61,0.61,0.59
-77.618674,43.0904434,2021-10-01,,1177154,Monroe,4b2c1689-bb30-4b6b-bd8c-98d0543dcdcd,6,0.01,74.62,1.8,12.44,0.62,0.62,0.61
-73.8855086,42.7869778,2022-05-17,,1282850,Schenectady,7a236469-2ca0-473b-9231-b79bcf763bc2,5,0.61,72.88,3.21,13.42,0.77,0.77,0.8
-71.8694689,41.0592228,2022-07-08,,1309648,Suffolk,7fd000ca-7201-4c95-97d1-aea0d77fdcbe,4,0.07,86.06,2.92,20.91,0.37,0.48,0.38
-78.4828808,43.0243031,2022-07-19,,1286327,Erie,df10a3ba-bc56-4313-98d3-54c4a73418b8,3,1.38,70.88,4.28,25.14,0.52,0.51,0.52
-76.0509493,42.7912616,2022-09-28,,1298773,Onondaga,b031ff64-3c6a-4f3f-875c-8fa052aa5399,1,10.38,90.56,2.11,11.81,0.7,0.72,0.66
-75.2957187,43.1220789,2022-11-08,200.0,1309050,Oneida,5562c464-8ae4-4718-903a-11b0e34c7696,9,0.0,74.31,2.18,2.34,0.56,0.59,0.59
-75.3205668,43.0961905,2022-11-11,1000.0,1319783,Oneida,acce7b92-f495-441b-834a-5ffb90649d21,9,14.59,96.0,2.52,13.13,0.62,0.67,0.62
-75.321398,43.0965583,2022-11-11,1000.0,1319782,Oneida,5899ccac-8f25-4cb0-89f7-b3fa45270591,9,14.59,96.0,2.52,13.13,0.62,0.67,0.62
-72.7820924,40.925736,2023-03-23,300.0,1346481,Suffolk,b0d70fd2-3210-40d7-b4e4-17f7bfb9acaa,4,3.02,96.88,4.59,8.1,0.71,0.73,0.7
-72.7818338,40.9252046,2023-03-23,,1346480,Suffolk,32fd9ec8-e865-4808-9bb9-79404a0e2728,4,3.02,96.88,4.59,8.1,0.71,0.73,0.7
-72.7824827,40.9251915,2023-03-23,200.0,1346482,Suffolk,94c2f9dc-ab88-4017-ae0e-86fe6b5ecc5f,4,3.02,96.88,4.59,8.1,0.71,0.73,0.7
-72.5634591,40.9069519,2023-03-30,,1346483,Suffolk,e074cc8a-06ac-40cd-963f-d9be2d9ade6c,4,0.24,62.81,6.35,2.73,0.7,0.71,0.68
-78.8665717,42.9306703,2023-05-10,,1342033,Erie,fc0c3b65-11ff-4cad-90e1-994c8730628e,3,0.01,67.25,2.47,11.68,0.75,0.79,0.73
-78.831509,42.8309929,2023-05-11,,1332924,Erie,5dbb43bf-f874-4fd9-9971-600c0ef3ac56,3,0.08,67.25,2.98,14.21,0.73,0.77,0.73
-78.8335708,42.8291716,2023-05-11,,1332923,Erie,2330cc8a-7472-4a86-9851-8b7d5eeac226,3,0.08,67.25,2.98,14.21,0.73,0.77,0.73
-78.8260798,42.8303963,2023-05-11,,1332911,Erie,09ae91c4-56a3-42cd-bd69-63853ed44b58,3,0.08,67.25,2.98,14.21,0.73,0.77,0.73
-78.8335439,42.7794692,2023-07-24,,1344057,Erie,1473e2d2-4df4-4844-96bd-271d57d175b2,3,3.14,69.06,2.66,22.75,0.55,0.53,0.54
-78.8329062,42.7794733,2023-07-24,,1344051,Erie,2bf79024-d33c-4034-a7c8-b4328095ee42,3,3.14,69.06,2.66,22.75,0.55,0.53,0.54
-78.8306021,42.7785812,2023-07-24,,1344046,Erie,6995a491-bb11-47b2-bf9a-4b6fa38ec594,3,3.14,69.06,2.66,22.75,0.55,0.53,0.54
-78.8345947,42.7779292,2023-07-24,,1344043,Erie,d30f1fc2-f58c-48ac-9c2b-90be596a3ca3,3,3.14,69.06,2.66,22.75,0.55,0.53,0.54
-78.8326058,42.7795176,2023-07-24,,1344056,Erie,e06aaf16-3642-4001-90e9-0509b10e6b00,3,3.14,69.06,2.66,22.75,0.55,0.53,0.54
